file,client,side,source
ammeter_10.png,ammeter_catalog,train,MeasureBench
ammeter_11.png,ammeter_catalog,train,MeasureBench
ammeter_12.png,ammeter_catalog,train,MeasureBench
ammeter_13.png,ammeter_catalog,train,MeasureBench
ammeter_17.png,ammeter_catalog,train,MeasureBench
ammeter_19.png,ammeter_catalog,test,MeasureBench
ammeter_2.png,ammeter_handheld,test,MeasureBench
ammeter_20.png,ammeter_catalog,train,MeasureBench
ammeter_21.png,ammeter_lab,train,MeasureBench
ammeter_23.png,ammeter_lab,train,MeasureBench
ammeter_29.png,ammeter_lab,train,MeasureBench
ammeter_3.png,ammeter_catalog,train,MeasureBench
ammeter_32.png,ammeter_lab,train,MeasureBench
ammeter_33.png,ammeter_handheld,train,MeasureBench
ammeter_34.png,ammeter_lab,train,MeasureBench
ammeter_37.png,ammeter_lab,train,MeasureBench
ammeter_4.png,ammeter_catalog,train,MeasureBench
ammeter_41.png,ammeter_lab,train,MeasureBench
ammeter_47.png,ammeter_lab,train,MeasureBench
ammeter_5.png,ammeter_lab,train,MeasureBench
ammeter_51.png,ammeter_catalog,train,MeasureBench
ammeter_53.png,ammeter_lab,test,MeasureBench
ammeter_6.png,ammeter_catalog,test,MeasureBench
ammeter_60.png,ammeter_catalog,train,MeasureBench
ammeter_63.png,ammeter_lab,train,MeasureBench
ammeter_64.png,ammeter_catalog,train,MeasureBench
ammeter_7.png,ammeter_catalog,train,MeasureBench
ammeter_71.png,ammeter_lab,test,MeasureBench
ammeter_73.png,ammeter_catalog,test,MeasureBench
ammeter_75.png,ammeter_lab,train,MeasureBench
ammeter_79.png,ammeter_lab,train,MeasureBench
ammeter_82.png,ammeter_lab,test,MeasureBench
ammeter_87.png,ammeter_lab,train,MeasureBench
ammeter_88.png,ammeter_lab,train,MeasureBench
ammeter_89.png,ammeter_handheld,train,MeasureBench
ammeter_9.png,ammeter_catalog,train,MeasureBench
ammeter_94.png,ammeter_lab,train,MeasureBench
ammeter_95.png,ammeter_lab,train,MeasureBench
pressure_gauge_102.png,pressure_gauge_handheld,test,MeasureBench
pressure_gauge_14.png,pressure_gauge_industrial,test,MeasureBench
pressure_gauge_18.png,pressure_gauge_industrial,train,MeasureBench
pressure_gauge_21.png,pressure_gauge_industrial,test,MeasureBench
pressure_gauge_22.png,pressure_gauge_handheld,test,MeasureBench
pressure_gauge_27.png,pressure_gauge_industrial,test,MeasureBench
pressure_gauge_36.png,pressure_gauge_catalog,test,MeasureBench
pressure_gauge_41.png,pressure_gauge_handheld,test,MeasureBench
pressure_gauge_44.png,pressure_gauge_industrial,test,MeasureBench
pressure_gauge_47.png,pressure_gauge_handheld,test,MeasureBench
pressure_gauge_55.png,pressure_gauge_industrial,test,MeasureBench
pressure_gauge_57.png,pressure_gauge_industrial,test,MeasureBench
pressure_gauge_67.png,pressure_gauge_catalog,train,MeasureBench
pressure_gauge_71.png,pressure_gauge_catalog,train,MeasureBench
pressure_gauge_72.png,pressure_gauge_handheld,test,MeasureBench
pressure_gauge_88.png,pressure_gauge_lab,test,MeasureBench
sphygmomanometer_0.png,sphygmomanometer_all,train,MeasureBench
sphygmomanometer_11.png,sphygmomanometer_all,train,MeasureBench
sphygmomanometer_15.png,sphygmomanometer_all,train,MeasureBench
sphygmomanometer_19.png,sphygmomanometer_all,train,MeasureBench
sphygmomanometer_25.png,sphygmomanometer_all,train,MeasureBench
sphygmomanometer_28.png,sphygmomanometer_all,test,MeasureBench
sphygmomanometer_4.png,sphygmomanometer_all,train,MeasureBench
sphygmomanometer_5.png,sphygmomanometer_all,test,MeasureBench
sphygmomanometer_9.png,sphygmomanometer_all,train,MeasureBench
tachometer_16.png,tachometer_all,train,MeasureBench
tachometer_4.png,tachometer_all,train,MeasureBench
tachometer_54.png,tachometer_all,test,MeasureBench
tachometer_64.png,tachometer_all,train,MeasureBench
tachometer_67.png,tachometer_all,train,MeasureBench
voc_new_001.jpg,pressure_gauge_industrial,test,unknown
voc_new_002.jpg,pressure_gauge_lab,train,unknown
voc_new_003.jpg,pressure_gauge_industrial,train,unknown
voc_new_004.jpg,pressure_gauge_industrial,train,unknown
voc_new_005.jpg,pressure_gauge_lab,train,unknown
voc_new_006.jpg,pressure_gauge_industrial,train,unknown
voc_new_007.jpg,pressure_gauge_industrial,train,unknown
voc_new_008.jpg,pressure_gauge_handheld,train,unknown
voc_new_009.jpg,pressure_gauge_industrial,test,unknown
voc_new_010.jpg,pressure_gauge_industrial,train,unknown
voc_new_011.jpg,pressure_gauge_industrial,train,unknown
voc_new_012.jpg,pressure_gauge_industrial,train,unknown
voc_new_013.jpg,pressure_gauge_catalog,test,unknown
voc_new_014.jpg,pressure_gauge_lab,train,unknown
voc_new_015.jpg,pressure_gauge_industrial,train,unknown
voc_new_016.jpg,pressure_gauge_industrial,train,unknown
voc_new_017.jpg,pressure_gauge_handheld,test,unknown
voc_new_018.jpg,pressure_gauge_industrial,train,unknown
voc_new_019.jpg,pressure_gauge_industrial,test,unknown
voc_new_020.jpg,pressure_gauge_industrial,train,unknown
voc_new_021.jpg,pressure_gauge_industrial,train,unknown
voc_new_022.jpg,pressure_gauge_industrial,train,unknown
voc_new_023.jpg,pressure_gauge_industrial,train,unknown
voc_new_024.jpg,pressure_gauge_industrial,train,unknown
voc_new_025.jpg,pressure_gauge_industrial,train,unknown
voc_new_026.jpg,pressure_gauge_industrial,train,unknown
voc_new_027.jpg,pressure_gauge_industrial,train,unknown
voc_new_028.jpg,pressure_gauge_industrial,test,unknown
voc_new_029.jpg,pressure_gauge_industrial,test,unknown
voc_new_030.jpg,pressure_gauge_industrial,train,unknown
voc_new_031.jpg,pressure_gauge_industrial,train,unknown
voc_new_032.jpg,pressure_gauge_industrial,train,unknown
voc_new_033.jpg,pressure_gauge_industrial,train,unknown
voc_new_034.jpg,pressure_gauge_industrial,test,unknown
voc_new_035.jpg,pressure_gauge_industrial,train,unknown
voc_new_036.jpg,pressure_gauge_industrial,train,unknown
voc_new_037.jpg,pressure_gauge_catalog,train,unknown
voc_new_038.jpg,pressure_gauge_handheld,train,unknown
voc_new_039.jpg,pressure_gauge_industrial,train,unknown
voc_new_040.jpg,pressure_gauge_industrial,train,unknown
voc_new_041.jpg,pressure_gauge_industrial,train,unknown
voc_new_042.jpg,pressure_gauge_industrial,train,unknown
voc_new_043.jpg,pressure_gauge_industrial,train,unknown
voc_new_044.jpg,pressure_gauge_industrial,train,unknown
voc_new_045.jpg,pressure_gauge_industrial,test,unknown
voc_new_046.jpg,pressure_gauge_industrial,test,unknown
voc_new_047.jpg,pressure_gauge_industrial,train,unknown
voc_new_048.jpg,pressure_gauge_industrial,train,unknown
voc_new_049.jpg,pressure_gauge_handheld,train,unknown
voc_new_050.jpg,pressure_gauge_industrial,test,unknown
voc_new_051.jpg,pressure_gauge_industrial,train,unknown
voc_new_052.jpg,pressure_gauge_industrial,train,unknown
voc_new_053.jpg,pressure_gauge_industrial,train,unknown
voc_new_054.jpg,pressure_gauge_industrial,train,unknown
voc_new_055.jpg,pressure_gauge_industrial,train,unknown
voc_new_056.jpg,pressure_gauge_industrial,train,unknown
voc_new_057.jpg,pressure_gauge_industrial,train,unknown
voc_new_058.jpg,pressure_gauge_industrial,train,unknown
voc_new_059.jpg,pressure_gauge_industrial,test,unknown
voc_new_060.jpg,pressure_gauge_catalog,train,unknown
voc_new_061.jpg,pressure_gauge_industrial,train,unknown
voc_new_062.jpg,pressure_gauge_industrial,train,unknown
voc_new_063.jpg,pressure_gauge_industrial,test,unknown
voc_new_064.jpg,pressure_gauge_industrial,train,unknown
voc_new_065.jpg,pressure_gauge_industrial,train,unknown
voc_new_066.jpg,pressure_gauge_industrial,test,unknown
voc_new_067.jpg,pressure_gauge_handheld,train,unknown
voc_new_068.jpg,pressure_gauge_industrial,train,unknown
voc_new_069.jpg,pressure_gauge_industrial,train,unknown
voc_new_070.jpg,pressure_gauge_industrial,train,unknown
voc_new_071.jpg,pressure_gauge_industrial,test,unknown
voc_new_072.jpg,pressure_gauge_industrial,train,unknown
voc_new_073.jpg,pressure_gauge_industrial,train,unknown
voc_new_074.jpg,pressure_gauge_industrial,test,unknown
voc_new_075.jpg,pressure_gauge_industrial,train,unknown
voc_new_076.jpg,pressure_gauge_industrial,test,unknown
voc_new_077.jpg,pressure_gauge_industrial,train,unknown
voc_new_078.jpg,pressure_gauge_industrial,test,unknown
voc_new_079.jpg,pressure_gauge_industrial,test,unknown
voc_new_080.jpg,pressure_gauge_industrial,train,unknown
voc_new_081.jpg,pressure_gauge_lab,train,unknown
voc_new_082.jpg,pressure_gauge_industrial,train,unknown
voc_new_083.jpg,pressure_gauge_catalog,train,unknown
voc_new_084.jpg,pressure_gauge_industrial,train,unknown
voc_new_085.jpg,pressure_gauge_industrial,train,unknown
voc_new_086.jpg,pressure_gauge_industrial,train,unknown
voc_new_087.jpg,pressure_gauge_industrial,test,unknown
voc_new_088.jpg,pressure_gauge_handheld,train,unknown
voc_new_089.jpg,pressure_gauge_catalog,test,unknown
voc_new_090.jpg,pressure_gauge_industrial,test,unknown
voc_new_091.jpg,pressure_gauge_industrial,train,unknown
voc_new_092.jpg,pressure_gauge_industrial,test,unknown
voc_new_093.jpg,pressure_gauge_industrial,test,unknown
voc_new_094.jpg,pressure_gauge_industrial,train,unknown
voc_new_095.jpg,pressure_gauge_industrial,train,unknown
voc_new_096.jpg,pressure_gauge_industrial,train,unknown
voc_new_097.jpg,pressure_gauge_industrial,test,unknown
voc_new_098.jpg,pressure_gauge_industrial,test,unknown
voc_new_099.jpg,pressure_gauge_industrial,train,unknown
voc_new_100.jpg,pressure_gauge_industrial,train,unknown
voc_new_101.jpg,pressure_gauge_industrial,train,unknown
voc_new_102.jpg,pressure_gauge_industrial,train,unknown
voc_new_103.jpg,pressure_gauge_industrial,train,unknown
voc_new_104.jpg,pressure_gauge_industrial,train,unknown
voc_new_105.jpg,pressure_gauge_industrial,train,unknown
voc_new_106.jpg,pressure_gauge_industrial,train,unknown
voc_new_107.jpg,pressure_gauge_industrial,test,unknown
voc_new_108.jpg,pressure_gauge_industrial,train,unknown
voc_new_109.jpg,pressure_gauge_industrial,train,unknown
voc_new_110.jpg,pressure_gauge_industrial,train,unknown
voc_new_111.jpg,pressure_gauge_industrial,train,unknown
voc_new_112.jpg,pressure_gauge_industrial,train,unknown
voc_new_113.jpg,pressure_gauge_catalog,train,unknown
voc_new_114.jpg,pressure_gauge_industrial,train,unknown
voc_new_115.jpg,pressure_gauge_industrial,test,unknown
voc_new_116.jpg,pressure_gauge_industrial,train,unknown
voc_new_117.jpg,pressure_gauge_industrial,train,unknown
voc_new_118.jpg,pressure_gauge_industrial,test,unknown
voc_new_119.jpg,pressure_gauge_industrial,train,unknown
voc_new_120.jpg,pressure_gauge_industrial,train,unknown
voc_new_121.jpg,pressure_gauge_catalog,train,unknown
voc_new_122.jpg,pressure_gauge_industrial,train,unknown
voc_new_123.jpg,pressure_gauge_handheld,train,unknown
voc_new_124.jpg,pressure_gauge_industrial,test,unknown
voc_new_125.jpg,pressure_gauge_industrial,train,unknown
voc_new_126.jpg,pressure_gauge_industrial,test,unknown
voc_new_127.jpg,pressure_gauge_industrial,test,unknown
voc_new_128.jpg,pressure_gauge_industrial,train,unknown
voc_new_129.jpg,pressure_gauge_industrial,test,unknown
voc_new_130.jpg,pressure_gauge_industrial,train,unknown
voc_new_131.jpg,pressure_gauge_industrial,train,unknown
voc_new_132.jpg,pressure_gauge_catalog,test,unknown
voc_new_133.jpg,pressure_gauge_industrial,train,unknown
voc_new_134.jpg,pressure_gauge_lab,test,unknown
voc_new_135.jpg,pressure_gauge_industrial,train,unknown
voc_new_136.jpg,pressure_gauge_industrial,test,unknown
voc_new_137.jpg,pressure_gauge_industrial,train,unknown
voc_new_138.jpg,pressure_gauge_industrial,train,unknown
voc_new_139.jpg,pressure_gauge_industrial,test,unknown
voc_new_140.jpg,pressure_gauge_industrial,train,unknown
voc_new_141.jpg,pressure_gauge_industrial,train,unknown
voc_new_142.jpg,pressure_gauge_catalog,train,unknown
voc_new_143.jpg,pressure_gauge_handheld,test,unknown
voc_new_144.jpg,pressure_gauge_industrial,train,unknown
voc_new_145.jpg,pressure_gauge_industrial,train,unknown
voc_new_146.jpg,pressure_gauge_industrial,test,unknown
voc_new_147.jpg,pressure_gauge_lab,train,unknown
voc_new_148.jpg,pressure_gauge_lab,test,unknown
voc_new_149.jpg,pressure_gauge_industrial,train,unknown
voc_new_150.jpg,pressure_gauge_industrial,test,unknown
voc_new_151.jpg,pressure_gauge_handheld,test,unknown
voc_new_152.jpg,pressure_gauge_industrial,train,unknown
voc_new_153.jpg,pressure_gauge_industrial,test,unknown
voc_new_154.jpg,pressure_gauge_industrial,train,unknown
voc_new_155.jpg,pressure_gauge_industrial,train,unknown
voc_new_156.jpg,pressure_gauge_industrial,train,unknown
voc_new_157.jpg,pressure_gauge_industrial,test,unknown
voc_new_158.jpg,pressure_gauge_industrial,train,unknown
voc_new_159.jpg,pressure_gauge_catalog,train,unknown
voc_new_160.jpg,pressure_gauge_industrial,train,unknown
voc_new_161.jpg,pressure_gauge_industrial,train,unknown
voc_new_162.jpg,pressure_gauge_industrial,train,unknown
voc_new_163.jpg,pressure_gauge_industrial,train,unknown
voc_new_164.jpg,pressure_gauge_industrial,train,unknown
voc_new_165.jpg,pressure_gauge_industrial,train,unknown
voc_new_166.jpg,pressure_gauge_handheld,train,unknown
voc_new_167.jpg,pressure_gauge_industrial,train,unknown
voc_new_168.jpg,pressure_gauge_handheld,train,unknown
voc_new_169.jpg,pressure_gauge_industrial,train,unknown
voc_new_170.jpg,pressure_gauge_industrial,test,unknown
voc_new_171.jpg,pressure_gauge_industrial,test,unknown
voc_new_172.jpg,pressure_gauge_industrial,train,unknown
voc_new_173.jpg,pressure_gauge_industrial,train,unknown
voc_new_174.jpg,pressure_gauge_industrial,test,unknown
voc_new_175.jpg,pressure_gauge_industrial,test,unknown
voc_new_176.jpg,pressure_gauge_industrial,test,unknown
voc_new_177.jpg,pressure_gauge_catalog,train,unknown
voc_new_178.jpg,pressure_gauge_lab,train,unknown
voc_new_179.jpg,pressure_gauge_industrial,train,unknown
voc_new_180.jpg,pressure_gauge_industrial,test,unknown
voc_new_181.jpg,pressure_gauge_industrial,train,unknown
voc_new_182.jpg,pressure_gauge_industrial,train,unknown
voc_new_183.jpg,pressure_gauge_industrial,train,unknown
voc_new_184.jpg,pressure_gauge_industrial,train,unknown
voc_new_185.jpg,pressure_gauge_industrial,train,unknown
voc_new_186.jpg,pressure_gauge_industrial,test,unknown
voc_new_187.jpg,pressure_gauge_lab,train,unknown
voc_new_188.jpg,pressure_gauge_industrial,train,unknown
voc_new_189.jpg,pressure_gauge_industrial,test,unknown
voc_new_190.jpg,pressure_gauge_industrial,train,unknown
voc_new_191.jpg,pressure_gauge_handheld,test,unknown
voc_new_192.jpg,pressure_gauge_industrial,train,unknown
voc_new_193.jpg,pressure_gauge_handheld,train,unknown
voc_new_194.jpg,pressure_gauge_industrial,test,unknown
voc_new_195.jpg,pressure_gauge_industrial,train,unknown
voc_new_196.jpg,pressure_gauge_industrial,test,unknown
voc_new_197.jpg,pressure_gauge_industrial,train,unknown
voc_new_198.jpg,pressure_gauge_industrial,train,unknown
voc_new_199.jpg,pressure_gauge_industrial,train,unknown
voc_new_200.jpg,pressure_gauge_industrial,train,unknown
voc_new_201.jpg,pressure_gauge_industrial,train,unknown
voc_new_202.jpg,pressure_gauge_industrial,train,unknown
voc_new_203.jpg,pressure_gauge_industrial,train,unknown
voc_new_204.jpg,pressure_gauge_industrial,test,unknown
voc_new_205.jpg,pressure_gauge_catalog,test,unknown
voc_new_206.jpg,pressure_gauge_handheld,test,unknown
voc_new_207.jpg,pressure_gauge_industrial,train,unknown
voc_new_208.jpg,pressure_gauge_industrial,train,unknown
voc_new_209.jpg,pressure_gauge_industrial,test,unknown
voc_new_210.jpg,pressure_gauge_industrial,train,unknown
voc_new_211.jpg,pressure_gauge_industrial,train,unknown
voc_new_212.jpg,pressure_gauge_industrial,train,unknown
voc_new_213.jpg,pressure_gauge_industrial,train,unknown
voc_new_214.jpg,pressure_gauge_industrial,test,unknown
voc_new_215.jpg,pressure_gauge_industrial,train,unknown
voc_new_216.jpg,pressure_gauge_industrial,test,unknown
voc_new_217.jpg,pressure_gauge_industrial,test,unknown
voc_new_218.jpg,pressure_gauge_industrial,train,unknown
voc_new_219.jpg,pressure_gauge_industrial,test,unknown
voc_new_220.jpg,pressure_gauge_industrial,train,unknown
voc_new_221.jpg,pressure_gauge_catalog,train,unknown
voc_new_222.jpg,pressure_gauge_industrial,test,unknown
voc_new_223.jpg,pressure_gauge_industrial,train,unknown
voc_new_224.jpg,pressure_gauge_industrial,train,unknown
voc_new_225.jpg,pressure_gauge_industrial,train,unknown
voc_new_226.jpg,pressure_gauge_industrial,train,unknown
voc_new_227.jpg,pressure_gauge_industrial,train,unknown
voc_new_228.jpg,pressure_gauge_industrial,train,unknown
voc_new_229.jpg,pressure_gauge_industrial,train,unknown
voc_new_230.jpg,pressure_gauge_industrial,train,unknown
voc_new_231.jpg,pressure_gauge_industrial,train,unknown
voc_new_232.jpg,pressure_gauge_industrial,train,unknown
voc_new_233.jpg,pressure_gauge_industrial,train,unknown
voc_new_234.jpg,pressure_gauge_industrial,test,unknown
voc_new_235.jpg,pressure_gauge_industrial,test,unknown
voc_new_236.jpg,pressure_gauge_industrial,train,unknown
voc_new_237.jpg,pressure_gauge_lab,test,unknown
voc_new_238.jpg,pressure_gauge_industrial,test,unknown
voc_new_239.jpg,pressure_gauge_industrial,train,unknown
voc_new_240.jpg,pressure_gauge_industrial,train,unknown
voc_new_241.jpg,pressure_gauge_handheld,train,unknown
voc_new_242.jpg,pressure_gauge_industrial,test,unknown
voc_new_243.jpg,pressure_gauge_industrial,train,unknown
voc_new_244.jpg,pressure_gauge_industrial,train,unknown
voc_new_245.jpg,pressure_gauge_handheld,train,unknown
voc_new_246.jpg,pressure_gauge_industrial,train,unknown
voc_new_247.jpg,pressure_gauge_industrial,train,unknown
voc_new_248.jpg,pressure_gauge_industrial,train,unknown
voc_new_249.jpg,pressure_gauge_industrial,train,unknown
voc_new_250.jpg,pressure_gauge_industrial,train,unknown
voc_new_251.jpg,pressure_gauge_industrial,train,unknown
voc_new_252.jpg,pressure_gauge_industrial,test,unknown
voc_new_253.jpg,pressure_gauge_handheld,test,unknown
voc_new_254.jpg,pressure_gauge_industrial,train,unknown
voc_new_255.jpg,pressure_gauge_industrial,test,unknown
voc_new_256.jpg,pressure_gauge_industrial,train,unknown
voc_new_257.jpg,pressure_gauge_industrial,train,unknown
voc_new_258.jpg,pressure_gauge_lab,train,unknown
voc_new_259.jpg,pressure_gauge_industrial,test,unknown
voc_new_260.jpg,pressure_gauge_industrial,train,unknown
voc_new_261.jpg,pressure_gauge_industrial,test,unknown
voc_new_262.jpg,pressure_gauge_industrial,train,unknown
voc_new_263.jpg,pressure_gauge_industrial,train,unknown
voc_new_264.jpg,pressure_gauge_industrial,test,unknown
voc_new_265.jpg,pressure_gauge_industrial,test,unknown
voc_new_266.jpg,pressure_gauge_industrial,test,unknown
voc_new_267.jpg,pressure_gauge_industrial,test,unknown
voc_new_268.jpg,pressure_gauge_handheld,train,unknown
voc_new_269.jpg,pressure_gauge_industrial,train,unknown
voc_new_270.jpg,pressure_gauge_industrial,train,unknown
voc_new_271.jpg,pressure_gauge_industrial,train,unknown
voc_new_272.jpg,pressure_gauge_catalog,train,unknown
voc_new_273.jpg,pressure_gauge_industrial,train,unknown
voc_new_274.jpg,pressure_gauge_industrial,train,unknown
voc_new_275.jpg,pressure_gauge_industrial,train,unknown
voc_new_276.jpg,pressure_gauge_lab,train,unknown
voc_new_277.jpg,pressure_gauge_industrial,train,unknown
voc_new_278.jpg,pressure_gauge_industrial,test,unknown
voc_new_279.jpg,pressure_gauge_industrial,test,unknown
voc_new_280.jpg,pressure_gauge_industrial,test,unknown
voc_new_281.jpg,pressure_gauge_lab,train,unknown
voc_new_282.jpg,pressure_gauge_industrial,train,unknown
voc_new_283.jpg,pressure_gauge_industrial,train,unknown
voc_new_284.jpg,pressure_gauge_industrial,test,unknown
voc_new_285.jpg,pressure_gauge_industrial,test,unknown
voc_new_286.jpg,pressure_gauge_industrial,train,unknown
voc_new_287.jpg,pressure_gauge_industrial,train,unknown
voc_new_288.jpg,pressure_gauge_industrial,train,unknown
voc_new_289.jpg,pressure_gauge_industrial,train,unknown
voc_new_290.jpg,pressure_gauge_lab,train,unknown
voc_new_291.jpg,pressure_gauge_lab,train,unknown
voc_new_292.jpg,pressure_gauge_industrial,train,unknown
voc_new_293.jpg,pressure_gauge_industrial,test,unknown
voc_new_294.jpg,pressure_gauge_industrial,test,unknown
voc_new_295.jpg,pressure_gauge_lab,train,unknown
voc_new_296.jpg,pressure_gauge_industrial,test,unknown
voc_new_297.jpg,pressure_gauge_industrial,test,unknown
voc_new_298.jpg,pressure_gauge_industrial,train,unknown
voc_new_299.jpg,pressure_gauge_industrial,train,unknown
voc_new_300.jpg,pressure_gauge_industrial,train,unknown
voc_new_301.jpg,pressure_gauge_industrial,train,unknown
voc_new_302.jpg,pressure_gauge_lab,train,unknown
voc_new_303.jpg,pressure_gauge_industrial,train,unknown
voc_new_304.jpg,pressure_gauge_handheld,test,unknown
voc_new_305.jpg,pressure_gauge_industrial,test,unknown
voc_new_306.jpg,pressure_gauge_industrial,train,unknown
voc_new_307.jpg,pressure_gauge_lab,train,unknown
voc_new_308.jpg,pressure_gauge_industrial,test,unknown
voc_new_309.jpg,pressure_gauge_industrial,train,unknown
voc_new_310.jpg,pressure_gauge_industrial,train,unknown
voc_new_311.jpg,pressure_gauge_industrial,train,unknown
voc_new_312.jpg,pressure_gauge_industrial,train,unknown
voc_new_313.jpg,pressure_gauge_industrial,test,unknown
voc_new_314.jpg,pressure_gauge_industrial,test,unknown
voc_new_315.jpg,pressure_gauge_industrial,test,unknown
voc_new_316.jpg,pressure_gauge_industrial,test,unknown
voc_new_317.jpg,pressure_gauge_handheld,test,unknown
voc_new_318.jpg,pressure_gauge_industrial,train,unknown
voc_new_319.jpg,pressure_gauge_lab,train,unknown
voc_new_320.jpg,pressure_gauge_industrial,train,unknown
voc_new_321.jpg,pressure_gauge_industrial,test,unknown
voc_new_322.jpg,pressure_gauge_industrial,train,unknown
voc_new_323.jpg,pressure_gauge_industrial,train,unknown
voc_new_324.jpg,pressure_gauge_industrial,test,unknown
voc_new_325.jpg,pressure_gauge_catalog,train,unknown
voc_new_326.jpg,pressure_gauge_industrial,train,unknown
voc_new_327.jpg,pressure_gauge_industrial,train,unknown
voc_new_328.jpg,pressure_gauge_industrial,train,unknown
voc_new_329.jpg,pressure_gauge_industrial,test,unknown
voc_new_330.jpg,pressure_gauge_industrial,train,unknown
voc_new_331.jpg,pressure_gauge_industrial,train,unknown
voc_new_332.jpg,pressure_gauge_industrial,test,unknown
voc_new_333.jpg,pressure_gauge_industrial,train,unknown
voc_new_334.jpg,pressure_gauge_industrial,train,unknown
voc_new_335.jpg,pressure_gauge_industrial,test,unknown
voc_new_336.jpg,pressure_gauge_industrial,train,unknown
voc_new_337.jpg,pressure_gauge_lab,test,unknown
voc_new_338.jpg,pressure_gauge_lab,test,unknown
voc_new_339.jpg,pressure_gauge_industrial,test,unknown
voc_new_340.jpg,pressure_gauge_industrial,test,unknown
voc_new_341.jpg,pressure_gauge_industrial,test,unknown
voc_new_342.jpg,pressure_gauge_industrial,test,unknown
voc_new_343.jpg,pressure_gauge_lab,train,unknown
voc_new_344.jpg,pressure_gauge_industrial,train,unknown
voc_new_345.jpg,pressure_gauge_industrial,train,unknown
voc_new_346.jpg,pressure_gauge_industrial,train,unknown
voc_new_347.jpg,pressure_gauge_industrial,train,unknown
voc_new_348.jpg,pressure_gauge_industrial,train,unknown
voc_new_349.jpg,pressure_gauge_industrial,train,unknown
voc_new_350.jpg,pressure_gauge_industrial,test,unknown
voc_new_351.jpg,pressure_gauge_industrial,train,unknown
voc_new_352.jpg,pressure_gauge_industrial,test,unknown
voc_new_353.jpg,pressure_gauge_industrial,train,unknown
voc_new_354.jpg,pressure_gauge_industrial,train,unknown
voc_new_355.jpg,pressure_gauge_industrial,train,unknown
voc_new_356.jpg,pressure_gauge_catalog,train,unknown
voc_new_357.jpg,pressure_gauge_industrial,train,unknown
voc_new_358.jpg,pressure_gauge_industrial,test,unknown
voc_new_359.jpg,pressure_gauge_industrial,train,unknown
voc_new_360.jpg,pressure_gauge_industrial,train,unknown
voc_new_361.jpg,pressure_gauge_industrial,train,unknown
voc_new_362.jpg,pressure_gauge_industrial,train,unknown
voc_new_363.jpg,pressure_gauge_industrial,train,unknown
voc_new_364.jpg,pressure_gauge_industrial,test,unknown
voc_new_365.jpg,pressure_gauge_industrial,train,unknown
voc_new_366.jpg,pressure_gauge_handheld,train,unknown
voc_new_367.jpg,pressure_gauge_industrial,train,unknown
voc_new_368.jpg,pressure_gauge_industrial,test,unknown
voc_new_369.jpg,pressure_gauge_industrial,train,unknown
voc_new_370.jpg,pressure_gauge_industrial,train,unknown
voc_new_371.jpg,pressure_gauge_industrial,test,unknown
voc_new_372.jpg,pressure_gauge_industrial,test,unknown
voc_new_373.jpg,pressure_gauge_handheld,test,unknown
voc_new_374.jpg,pressure_gauge_industrial,test,unknown
voc_new_375.jpg,pressure_gauge_industrial,train,unknown
voc_new_376.jpg,pressure_gauge_industrial,train,unknown
voc_new_377.jpg,pressure_gauge_lab,train,unknown
voc_new_378.jpg,pressure_gauge_lab,train,unknown
voc_new_379.jpg,pressure_gauge_industrial,train,unknown
voc_new_380.jpg,pressure_gauge_industrial,train,unknown
voc_new_381.jpg,pressure_gauge_industrial,test,unknown
voc_new_382.jpg,pressure_gauge_industrial,test,unknown
voc_new_383.jpg,pressure_gauge_lab,train,unknown
voc_new_384.jpg,pressure_gauge_handheld,train,unknown
voc_new_385.jpg,pressure_gauge_catalog,train,unknown
voc_new_386.jpg,pressure_gauge_industrial,train,unknown
voc_new_387.jpg,pressure_gauge_industrial,train,unknown
voc_new_388.jpg,pressure_gauge_industrial,test,unknown
voc_new_389.jpg,pressure_gauge_industrial,train,unknown
voc_new_390.jpg,pressure_gauge_industrial,test,unknown
voc_new_391.jpg,pressure_gauge_industrial,train,unknown
voc_new_392.jpg,pressure_gauge_industrial,train,unknown
voc_new_393.jpg,pressure_gauge_industrial,train,unknown
voc_new_394.jpg,pressure_gauge_industrial,train,unknown
voc_new_395.jpg,pressure_gauge_industrial,train,unknown
voc_new_396.jpg,pressure_gauge_handheld,train,unknown
voc_new_397.jpg,pressure_gauge_industrial,train,unknown
voc_new_398.jpg,pressure_gauge_industrial,train,unknown
voc_new_399.jpg,pressure_gauge_catalog,test,unknown
voc_new_400.jpg,pressure_gauge_industrial,train,unknown
voc_new_401.jpg,pressure_gauge_industrial,train,unknown
voc_new_402.jpg,pressure_gauge_catalog,train,unknown
voc_new_403.jpg,pressure_gauge_industrial,train,unknown
voc_new_404.jpg,pressure_gauge_catalog,train,unknown
voc_new_405.jpg,pressure_gauge_industrial,test,unknown
voc_new_406.jpg,pressure_gauge_handheld,test,unknown
voc_new_407.jpg,pressure_gauge_handheld,train,unknown
voc_new_408.jpg,pressure_gauge_lab,train,unknown
voc_new_409.jpg,pressure_gauge_industrial,train,unknown
voc_new_410.jpg,pressure_gauge_industrial,train,unknown
voc_new_411.jpg,pressure_gauge_industrial,train,unknown
voc_new_412.jpg,pressure_gauge_industrial,test,unknown
voc_new_413.jpg,pressure_gauge_industrial,train,unknown
voc_new_414.jpg,pressure_gauge_industrial,test,unknown
voc_new_415.jpg,pressure_gauge_handheld,train,unknown
voc_new_416.jpg,pressure_gauge_handheld,train,unknown
voc_new_417.jpg,pressure_gauge_handheld,train,unknown
voc_new_418.jpg,pressure_gauge_handheld,train,unknown
voc_new_419.jpg,pressure_gauge_handheld,train,unknown
voc_new_420.jpg,pressure_gauge_handheld,train,unknown
voc_new_421.jpg,pressure_gauge_handheld,train,unknown
voc_new_422.jpg,pressure_gauge_handheld,train,unknown
voc_new_423.jpg,pressure_gauge_handheld,train,unknown
voc_new_424.jpg,pressure_gauge_handheld,train,unknown
voc_new_425.jpg,pressure_gauge_handheld,test,unknown
voc_new_426.jpg,pressure_gauge_handheld,test,unknown
voc_new_427.jpg,pressure_gauge_handheld,test,unknown
voc_new_428.jpg,pressure_gauge_handheld,train,unknown
voc_new_429.jpg,pressure_gauge_handheld,train,unknown
voc_new_430.jpg,pressure_gauge_handheld,train,unknown
voc_new_431.jpg,pressure_gauge_handheld,test,unknown
voc_new_432.jpg,pressure_gauge_handheld,test,unknown
voc_new_433.jpg,pressure_gauge_handheld,test,unknown
voc_new_434.jpg,pressure_gauge_handheld,test,unknown
voc_new_435.jpg,pressure_gauge_handheld,train,unknown
voc_new_436.jpg,pressure_gauge_handheld,train,unknown
voc_new_437.jpg,pressure_gauge_handheld,train,unknown
voc_new_438.jpg,pressure_gauge_handheld,train,unknown
voc_new_439.jpg,pressure_gauge_handheld,train,unknown
voc_new_440.jpg,pressure_gauge_handheld,train,unknown
voc_new_441.jpg,pressure_gauge_handheld,train,unknown
voc_new_442.jpg,pressure_gauge_handheld,test,unknown
voc_new_443.jpg,pressure_gauge_handheld,test,unknown
voc_new_444.jpg,pressure_gauge_handheld,test,unknown
voc_new_445.jpg,pressure_gauge_handheld,test,unknown
voc_new_446.jpg,pressure_gauge_handheld,test,unknown
voc_new_447.jpg,pressure_gauge_handheld,test,unknown
voc_new_448.jpg,pressure_gauge_handheld,test,unknown
voc_new_449.jpg,pressure_gauge_handheld,test,unknown
voc_new_450.jpg,pressure_gauge_handheld,test,unknown
voc_new_451.jpg,pressure_gauge_handheld,test,unknown
voc_new_452.jpg,pressure_gauge_handheld,train,unknown
voc_new_453.jpg,pressure_gauge_handheld,train,unknown
voc_new_454.jpg,pressure_gauge_handheld,test,unknown
voc_new_455.jpg,pressure_gauge_handheld,test,unknown
voc_new_456.jpg,pressure_gauge_handheld,test,unknown
voc_new_457.jpg,pressure_gauge_handheld,train,unknown
voc_new_458.jpg,pressure_gauge_handheld,train,unknown
voc_new_459.jpg,pressure_gauge_catalog,train,unknown
voc_new_460.jpg,pressure_gauge_handheld,test,unknown
voc_new_461.jpg,pressure_gauge_handheld,test,unknown
voc_new_462.jpg,pressure_gauge_handheld,test,unknown
voc_new_463.jpg,pressure_gauge_handheld,test,unknown
voc_new_464.jpg,pressure_gauge_handheld,train,unknown
voc_new_465.jpg,pressure_gauge_handheld,test,unknown
voc_new_466.jpg,pressure_gauge_handheld,train,unknown
voc_new_467.jpg,pressure_gauge_handheld,train,unknown
voc_new_468.jpg,pressure_gauge_catalog,train,unknown
voc_new_469.jpg,pressure_gauge_handheld,train,unknown
voc_new_470.jpg,pressure_gauge_handheld,train,unknown
voc_new_471.jpg,pressure_gauge_catalog,train,unknown
voc_new_472.jpg,pressure_gauge_handheld,train,unknown
voc_new_473.jpg,pressure_gauge_handheld,train,unknown
voc_new_474.jpg,pressure_gauge_handheld,train,unknown
voc_new_475.jpg,pressure_gauge_handheld,train,unknown
voc_new_476.jpg,pressure_gauge_handheld,train,unknown
voc_new_477.jpg,pressure_gauge_industrial,test,unknown
voc_new_478.jpg,pressure_gauge_handheld,test,unknown
voc_new_479.jpg,pressure_gauge_handheld,train,unknown
voc_new_480.jpg,pressure_gauge_handheld,train,unknown
voc_new_481.jpg,pressure_gauge_handheld,train,unknown
voc_new_482.jpg,pressure_gauge_handheld,train,unknown
voc_new_483.jpg,pressure_gauge_handheld,train,unknown
voc_new_484.jpg,pressure_gauge_handheld,train,unknown
voc_new_485.jpg,pressure_gauge_handheld,test,unknown
voc_new_486.jpg,pressure_gauge_handheld,test,unknown
voc_new_487.jpg,pressure_gauge_handheld,test,unknown
voc_new_488.jpg,pressure_gauge_handheld,test,unknown
voc_new_489.jpg,pressure_gauge_industrial,test,unknown
voc_new_490.jpg,pressure_gauge_handheld,train,unknown
voc_new_491.jpg,pressure_gauge_handheld,train,unknown
voc_new_492.jpg,pressure_gauge_handheld,train,unknown
voc_new_493.jpg,pressure_gauge_handheld,train,unknown
voc_new_494.jpg,pressure_gauge_handheld,train,unknown
voc_new_495.jpg,pressure_gauge_handheld,train,unknown
voc_new_496.jpg,pressure_gauge_handheld,train,unknown
voc_new_497.jpg,pressure_gauge_handheld,train,unknown
voc_new_498.jpg,pressure_gauge_handheld,train,unknown
voc_new_499.jpg,pressure_gauge_handheld,train,unknown
voc_new_500.jpg,pressure_gauge_handheld,train,unknown
voc_new_501.jpg,pressure_gauge_handheld,train,unknown
voc_new_502.jpg,pressure_gauge_handheld,train,unknown
voc_new_503.jpg,pressure_gauge_handheld,train,unknown
voc_new_504.jpg,pressure_gauge_handheld,train,unknown
voc_new_505.jpg,pressure_gauge_handheld,train,unknown
voc_new_506.jpg,pressure_gauge_handheld,train,unknown
voc_new_507.jpg,pressure_gauge_handheld,train,unknown
voc_new_508.jpg,pressure_gauge_handheld,train,unknown
voc_new_509.jpg,pressure_gauge_handheld,train,unknown
voc_new_510.jpg,pressure_gauge_handheld,train,unknown
voc_new_511.jpg,pressure_gauge_handheld,train,unknown
voc_new_512.jpg,pressure_gauge_handheld,train,unknown
voc_new_513.jpg,pressure_gauge_handheld,train,unknown
voc_new_514.jpg,pressure_gauge_handheld,train,unknown
voc_new_515.jpg,pressure_gauge_handheld,train,unknown
voc_new_516.jpg,pressure_gauge_handheld,train,unknown
voc_new_517.jpg,pressure_gauge_handheld,train,unknown
voc_new_518.jpg,pressure_gauge_handheld,train,unknown
voc_new_519.jpg,pressure_gauge_handheld,train,unknown
voc_new_520.jpg,pressure_gauge_handheld,train,unknown
voc_new_521.jpg,pressure_gauge_handheld,train,unknown
voc_new_522.jpg,pressure_gauge_handheld,train,unknown
voc_new_523.jpg,pressure_gauge_handheld,train,unknown
voc_new_524.jpg,pressure_gauge_handheld,train,unknown
voc_new_525.jpg,pressure_gauge_handheld,train,unknown
voc_new_526.jpg,pressure_gauge_catalog,train,unknown
voc_new_527.jpg,pressure_gauge_handheld,train,unknown
voc_new_528.jpg,pressure_gauge_catalog,train,unknown
voc_new_529.jpg,pressure_gauge_handheld,train,unknown
voc_new_530.jpg,pressure_gauge_handheld,train,unknown
voc_new_531.jpg,pressure_gauge_catalog,train,unknown
voc_new_532.jpg,pressure_gauge_handheld,train,unknown
voc_new_533.jpg,pressure_gauge_catalog,train,unknown
voc_new_534.jpg,pressure_gauge_handheld,train,unknown
voc_new_535.jpg,pressure_gauge_handheld,train,unknown
voc_new_536.jpg,pressure_gauge_handheld,test,unknown
voc_new_537.jpg,pressure_gauge_handheld,train,unknown
voc_new_538.jpg,pressure_gauge_handheld,train,unknown
voc_new_539.jpg,pressure_gauge_handheld,train,unknown
voc_new_540.jpg,pressure_gauge_handheld,train,unknown
voc_new_541.jpg,pressure_gauge_handheld,train,unknown
voc_new_542.jpg,pressure_gauge_handheld,train,unknown
voc_new_543.jpg,pressure_gauge_handheld,train,unknown
voc_new_544.jpg,pressure_gauge_handheld,train,unknown
voc_new_545.jpg,pressure_gauge_handheld,train,unknown
voc_new_546.jpg,pressure_gauge_handheld,train,unknown
voc_new_547.jpg,pressure_gauge_handheld,train,unknown
voc_new_548.jpg,pressure_gauge_handheld,train,unknown
voc_new_549.jpg,pressure_gauge_handheld,train,unknown
voc_new_550.jpg,pressure_gauge_handheld,train,unknown
voc_new_551.jpg,pressure_gauge_handheld,train,unknown
voc_new_552.jpg,pressure_gauge_handheld,train,unknown
voc_new_553.jpg,pressure_gauge_handheld,train,unknown
voc_new_554.jpg,pressure_gauge_handheld,train,unknown
voc_new_555.jpg,pressure_gauge_handheld,train,unknown
voc_new_556.jpg,pressure_gauge_handheld,train,unknown
voc_new_557.jpg,pressure_gauge_handheld,train,unknown
voc_new_558.jpg,pressure_gauge_handheld,train,unknown
voc_new_559.jpg,pressure_gauge_handheld,train,unknown
voc_new_560.jpg,pressure_gauge_handheld,train,unknown
voc_new_561.jpg,pressure_gauge_handheld,train,unknown
voc_new_562.jpg,pressure_gauge_handheld,train,unknown
voc_new_563.jpg,pressure_gauge_handheld,train,unknown
voc_new_564.jpg,pressure_gauge_handheld,train,unknown
voc_new_565.jpg,pressure_gauge_handheld,train,unknown
voc_new_566.jpg,pressure_gauge_handheld,train,unknown
voc_new_567.jpg,pressure_gauge_handheld,train,unknown
voc_new_568.jpg,pressure_gauge_handheld,test,unknown
voc_new_569.jpg,pressure_gauge_handheld,test,unknown
voc_new_570.jpg,pressure_gauge_handheld,test,unknown
voc_new_571.jpg,pressure_gauge_handheld,train,unknown
voc_new_572.jpg,pressure_gauge_handheld,train,unknown
voc_new_573.jpg,pressure_gauge_handheld,train,unknown
voc_new_574.jpg,pressure_gauge_handheld,train,unknown
voc_new_575.jpg,pressure_gauge_handheld,train,unknown
voc_new_576.jpg,pressure_gauge_handheld,train,unknown
voc_new_577.jpg,pressure_gauge_handheld,train,unknown
voc_new_578.jpg,pressure_gauge_handheld,train,unknown
voc_new_579.jpg,pressure_gauge_handheld,train,unknown
voc_new_580.jpg,pressure_gauge_handheld,train,unknown
voc_new_581.jpg,pressure_gauge_handheld,train,unknown
voc_new_582.jpg,pressure_gauge_handheld,train,unknown
voc_new_583.jpg,pressure_gauge_handheld,train,unknown
voc_new_584.jpg,pressure_gauge_handheld,train,unknown
voc_new_585.jpg,pressure_gauge_handheld,train,unknown
voc_new_586.jpg,pressure_gauge_handheld,train,unknown
voc_new_587.jpg,pressure_gauge_handheld,train,unknown
voc_new_588.jpg,pressure_gauge_handheld,train,unknown
voc_new_589.jpg,pressure_gauge_handheld,train,unknown
voc_new_590.jpg,pressure_gauge_handheld,train,unknown
voc_new_591.jpg,pressure_gauge_handheld,train,unknown
voc_new_592.jpg,pressure_gauge_handheld,train,unknown
voc_new_593.jpg,pressure_gauge_handheld,test,unknown
voc_new_594.jpg,pressure_gauge_handheld,train,unknown
voc_new_595.jpg,pressure_gauge_catalog,train,unknown
voc_new_596.jpg,pressure_gauge_handheld,test,unknown
voc_new_597.jpg,pressure_gauge_handheld,train,unknown
voc_new_598.jpg,pressure_gauge_handheld,train,unknown
voc_new_599.jpg,pressure_gauge_handheld,train,unknown
voc_new_600.jpg,pressure_gauge_handheld,train,unknown
voc_new_601.jpg,pressure_gauge_handheld,train,unknown
voc_new_602.jpg,pressure_gauge_handheld,train,unknown
voc_new_603.jpg,pressure_gauge_handheld,train,unknown
voc_new_604.jpg,pressure_gauge_handheld,train,unknown
voc_new_605.jpg,pressure_gauge_handheld,train,unknown
voc_new_606.jpg,pressure_gauge_handheld,train,unknown
voc_new_607.jpg,pressure_gauge_handheld,test,unknown
voc_new_608.jpg,pressure_gauge_catalog,train,unknown
voc_new_609.jpg,pressure_gauge_handheld,train,unknown
voc_new_610.jpg,pressure_gauge_handheld,test,unknown
voc_new_611.jpg,pressure_gauge_handheld,test,unknown
voc_new_612.jpg,pressure_gauge_handheld,train,unknown
voc_new_613.jpg,pressure_gauge_handheld,train,unknown
voc_roi_image_0_20240712104257.jpg,pressure_gauge_handheld,test,unknown
voc_roi_image_0_20240712104258.jpg,pressure_gauge_handheld,train,unknown
voc_roi_image_0_20240712104259.jpg,pressure_gauge_handheld,train,unknown
voc_roi_image_0_20240712104300.jpg,pressure_gauge_handheld,train,unknown
voc_roi_image_0_20240712104301.jpg,pressure_gauge_handheld,train,unknown
voc_roi_image_0_20240712104302.jpg,pressure_gauge_handheld,train,unknown
voc_roi_image_0_20240712104303.jpg,pressure_gauge_handheld,train,unknown
voc_roi_image_0_20240712104304.jpg,pressure_gauge_handheld,train,unknown
voc_roi_image_0_20240712104305.jpg,pressure_gauge_handheld,train,unknown
voc_roi_image_0_20240712104306.jpg,pressure_gauge_handheld,train,unknown
voc_roi_image_0_20240712104307.jpg,pressure_gauge_handheld,train,unknown
voc_roi_image_0_20240712104308.jpg,pressure_gauge_handheld,train,unknown
voc_roi_image_0_20240712104309.jpg,pressure_gauge_handheld,train,unknown
voc_roi_image_0_20240712104310.jpg,pressure_gauge_handheld,train,unknown
voc_roi_image_0_20240712104311.jpg,pressure_gauge_handheld,train,unknown
voc_roi_image_0_20240712104312.jpg,pressure_gauge_handheld,train,unknown
voc_roi_image_0_20240712104313.jpg,pressure_gauge_handheld,train,unknown
voc_roi_image_0_20240712104314.jpg,pressure_gauge_handheld,train,unknown
voc_roi_image_0_20240712104315.jpg,pressure_gauge_handheld,train,unknown
voc_roi_image_0_20240712104316.jpg,pressure_gauge_handheld,train,unknown
voc_roi_image_0_20240712104317.jpg,pressure_gauge_handheld,train,unknown
voc_roi_image_0_20240712104318.jpg,pressure_gauge_handheld,train,unknown
voc_roi_image_0_20240712104319.jpg,pressure_gauge_handheld,train,unknown
voc_roi_image_0_20240712104321.jpg,pressure_gauge_handheld,train,unknown
voc_roi_image_0_20240712104322.jpg,pressure_gauge_handheld,train,unknown
voc_roi_image_0_20240712104323.jpg,pressure_gauge_handheld,train,unknown
voc_roi_image_0_20240712104324.jpg,pressure_gauge_handheld,train,unknown
voc_roi_image_0_20240712104325.jpg,pressure_gauge_handheld,train,unknown
voc_roi_image_0_20240712104326.jpg,pressure_gauge_handheld,train,unknown
voc_roi_image_0_20240712104407.jpg,pressure_gauge_handheld,test,unknown
voc_roi_image_0_20240712104409.jpg,pressure_gauge_handheld,train,unknown
voc_roi_image_0_20240712104410.jpg,pressure_gauge_handheld,train,unknown
voc_roi_image_0_20240712104412.jpg,pressure_gauge_handheld,test,unknown
voc_roi_image_0_20240712104413.jpg,pressure_gauge_handheld,train,unknown
voc_roi_image_0_20240712104414.jpg,pressure_gauge_handheld,train,unknown
voc_roi_image_0_20240712104415.jpg,pressure_gauge_handheld,train,unknown
voc_roi_image_0_20240712104416.jpg,pressure_gauge_handheld,train,unknown
voc_roi_image_0_20240712104417.jpg,pressure_gauge_handheld,train,unknown
voc_roi_image_0_20240712104418.jpg,pressure_gauge_handheld,train,unknown
voc_roi_image_0_20240712104419.jpg,pressure_gauge_handheld,train,unknown
voc_roi_image_0_20240712104420.jpg,pressure_gauge_handheld,train,unknown
voc_roi_image_0_20240712104421.jpg,pressure_gauge_handheld,train,unknown
voc_roi_image_0_20240712104422.jpg,pressure_gauge_handheld,train,unknown
voc_roi_image_0_20240712104423.jpg,pressure_gauge_handheld,train,unknown
voc_roi_image_0_20240712104424.jpg,pressure_gauge_handheld,train,unknown
voc_roi_image_0_20240712104425.jpg,pressure_gauge_handheld,train,unknown
voc_roi_image_0_20240712104426.jpg,pressure_gauge_handheld,train,unknown
voc_roi_image_0_20240712104427.jpg,pressure_gauge_handheld,test,unknown
voc_roi_image_0_20240712104428.jpg,pressure_gauge_handheld,test,unknown
voc_roi_image_0_20240712104429.jpg,pressure_gauge_handheld,train,unknown
voc_roi_image_0_20240712104430.jpg,pressure_gauge_handheld,train,unknown
voc_roi_image_0_20240712104431.jpg,pressure_gauge_handheld,train,unknown
voc_roi_image_0_20240712104432.jpg,pressure_gauge_handheld,train,unknown
voc_roi_image_0_20240712104433.jpg,pressure_gauge_handheld,train,unknown
voc_roi_image_0_20240712104434.jpg,pressure_gauge_handheld,train,unknown
voc_roi_image_0_20240712104435.jpg,pressure_gauge_handheld,train,unknown
voc_roi_image_0_20240712104436.jpg,pressure_gauge_handheld,train,unknown
voc_roi_image_0_20240712104437.jpg,pressure_gauge_handheld,train,unknown
voc_roi_image_0_20240712104438.jpg,pressure_gauge_handheld,train,unknown
voc_roi_image_0_20240712104439.jpg,pressure_gauge_handheld,train,unknown
voc_roi_image_0_20240712104440.jpg,pressure_gauge_handheld,train,unknown
voc_roi_image_0_20240712104441.jpg,pressure_gauge_handheld,test,unknown
voc_roi_image_0_20240712104527.jpg,pressure_gauge_handheld,train,unknown
voc_roi_image_0_20240712104528.jpg,pressure_gauge_handheld,train,unknown
voc_roi_image_0_20240712104529.jpg,pressure_gauge_handheld,train,unknown
voc_roi_image_0_20240712104530.jpg,pressure_gauge_handheld,train,unknown
voc_roi_image_0_20240712104531.jpg,pressure_gauge_handheld,train,unknown
voc_roi_image_0_20240712104532.jpg,pressure_gauge_handheld,train,unknown
voc_roi_image_0_20240712104533.jpg,pressure_gauge_handheld,test,unknown
voc_roi_image_0_20240712104534.jpg,pressure_gauge_handheld,train,unknown
voc_roi_image_0_20240712104535.jpg,pressure_gauge_handheld,train,unknown
voc_roi_image_0_20240712104536.jpg,pressure_gauge_handheld,test,unknown
voc_roi_image_0_20240712104537.jpg,pressure_gauge_handheld,test,unknown
voc_roi_image_0_20240712104538.jpg,pressure_gauge_handheld,test,unknown
voc_roi_image_0_20240712104539.jpg,pressure_gauge_handheld,train,unknown
voc_roi_image_0_20240712104540.jpg,pressure_gauge_handheld,train,unknown
voc_roi_image_0_20240712104541.jpg,pressure_gauge_handheld,train,unknown
voc_roi_image_0_20240712104542.jpg,pressure_gauge_handheld,train,unknown
voc_roi_image_0_20240712104543.jpg,pressure_gauge_handheld,train,unknown
voc_roi_image_0_20240712104544.jpg,pressure_gauge_handheld,train,unknown
voc_roi_image_0_20240712104545.jpg,pressure_gauge_handheld,train,unknown
voc_roi_image_0_20240712104546.jpg,pressure_gauge_handheld,train,unknown
voc_roi_image_0_20240712104547.jpg,pressure_gauge_handheld,train,unknown
voc_roi_image_0_20240712104548.jpg,pressure_gauge_handheld,train,unknown
voc_roi_image_0_20240712104549.jpg,pressure_gauge_handheld,train,unknown
voc_roi_image_0_20240712104550.jpg,pressure_gauge_handheld,train,unknown
voc_roi_image_0_20240712104551.jpg,pressure_gauge_handheld,train,unknown
voc_roi_image_0_20240712104552.jpg,pressure_gauge_handheld,train,unknown
voc_roi_image_0_20240712104553.jpg,pressure_gauge_handheld,train,unknown
voc_roi_image_0_20240712104554.jpg,pressure_gauge_handheld,train,unknown
voc_roi_image_0_20240712104555.jpg,pressure_gauge_handheld,train,unknown
voc_roi_image_0_20240712104556.jpg,pressure_gauge_handheld,train,unknown
voc_roi_image_0_20240712104702.jpg,pressure_gauge_handheld,train,unknown
voc_roi_image_0_20240712104703.jpg,pressure_gauge_handheld,train,unknown
voc_roi_image_0_20240712104704.jpg,pressure_gauge_handheld,train,unknown
voc_roi_image_0_20240712104705.jpg,pressure_gauge_handheld,train,unknown
voc_roi_image_0_20240712104706.jpg,pressure_gauge_handheld,train,unknown
voc_roi_image_0_20240712104707.jpg,pressure_gauge_handheld,train,unknown
voc_roi_image_0_20240712104708.jpg,pressure_gauge_handheld,train,unknown
voc_roi_image_0_20240712104709.jpg,pressure_gauge_handheld,train,unknown
voc_roi_image_0_20240712104710.jpg,pressure_gauge_handheld,train,unknown
voc_roi_image_0_20240712104711.jpg,pressure_gauge_handheld,train,unknown
voc_roi_image_0_20240712104712.jpg,pressure_gauge_handheld,train,unknown
voc_roi_image_0_20240712104713.jpg,pressure_gauge_handheld,train,unknown
voc_roi_image_0_20240712104714.jpg,pressure_gauge_handheld,train,unknown
voc_roi_image_0_20240712104715.jpg,pressure_gauge_handheld,train,unknown
voc_roi_image_0_20240712104716.jpg,pressure_gauge_handheld,train,unknown
voc_roi_image_0_20240712104717.jpg,pressure_gauge_handheld,train,unknown
voc_roi_image_0_20240712104718.jpg,pressure_gauge_handheld,train,unknown
voc_roi_image_0_20240712104719.jpg,pressure_gauge_handheld,train,unknown
voc_roi_image_0_20240712104720.jpg,pressure_gauge_handheld,train,unknown
voc_roi_image_0_20240712104721.jpg,pressure_gauge_handheld,train,unknown
voc_roi_image_0_20240712104722.jpg,pressure_gauge_handheld,train,unknown
voc_roi_image_0_20240712104723.jpg,pressure_gauge_handheld,train,unknown
voc_roi_image_0_20240712104724.jpg,pressure_gauge_handheld,train,unknown
voc_roi_image_0_20240712104746.jpg,pressure_gauge_handheld,train,unknown
voc_roi_image_0_20240712104747.jpg,pressure_gauge_handheld,train,unknown
voc_roi_image_0_20240712104748.jpg,pressure_gauge_handheld,train,unknown
voc_roi_image_0_20240712104749.jpg,pressure_gauge_handheld,train,unknown
voc_roi_image_0_20240712104750.jpg,pressure_gauge_handheld,train,unknown
voc_roi_image_0_20240712104751.jpg,pressure_gauge_handheld,train,unknown
voc_roi_image_0_20240712104752.jpg,pressure_gauge_handheld,test,unknown
voc_roi_image_0_20240712104753.jpg,pressure_gauge_handheld,train,unknown
voc_roi_image_0_20240712104754.jpg,pressure_gauge_handheld,train,unknown
voc_roi_image_0_20240712104755.jpg,pressure_gauge_handheld,train,unknown
voc_roi_image_0_20240712104756.jpg,pressure_gauge_handheld,train,unknown
voc_roi_image_0_20240712104757.jpg,pressure_gauge_handheld,train,unknown
voc_roi_image_0_20240712104758.jpg,pressure_gauge_handheld,train,unknown
voc_roi_image_0_20240712104759.jpg,pressure_gauge_handheld,train,unknown
voc_roi_image_0_20240712104800.jpg,pressure_gauge_handheld,train,unknown
voc_roi_image_0_20240712104801.jpg,pressure_gauge_handheld,train,unknown
voc_roi_image_0_20240712104802.jpg,pressure_gauge_handheld,train,unknown
voc_roi_image_0_20240712104803.jpg,pressure_gauge_handheld,train,unknown
voc_roi_image_0_20240712104804.jpg,pressure_gauge_handheld,train,unknown
voc_roi_image_0_20240712104805.jpg,pressure_gauge_handheld,train,unknown
voc_roi_image_0_20240712104806.jpg,pressure_gauge_handheld,train,unknown
voc_roi_image_0_20240712104841.jpg,pressure_gauge_handheld,test,unknown
voc_roi_image_0_20240712104842.jpg,pressure_gauge_handheld,test,unknown
voc_roi_image_0_20240712104843.jpg,pressure_gauge_handheld,train,unknown
voc_roi_image_0_20240712104844.jpg,pressure_gauge_handheld,train,unknown
voc_roi_image_0_20240712104845.jpg,pressure_gauge_handheld,train,unknown
voc_roi_image_0_20240712104846.jpg,pressure_gauge_handheld,test,unknown
voc_roi_image_0_20240712104847.jpg,pressure_gauge_handheld,train,unknown
voc_roi_image_0_20240712104848.jpg,pressure_gauge_handheld,train,unknown
voc_roi_image_0_20240712104849.jpg,pressure_gauge_handheld,train,unknown
voc_roi_image_0_20240712104850.jpg,pressure_gauge_handheld,train,unknown
voc_roi_image_0_20240712104851.jpg,pressure_gauge_handheld,train,unknown
voc_roi_image_0_20240712104852.jpg,pressure_gauge_handheld,train,unknown
voc_roi_image_0_20240712104853.jpg,pressure_gauge_handheld,train,unknown
voc_roi_image_0_20240712104854.jpg,pressure_gauge_handheld,train,unknown
voc_roi_image_0_20240712104855.jpg,pressure_gauge_handheld,test,unknown
voc_roi_image_0_20240712104856.jpg,pressure_gauge_handheld,train,unknown
voc_roi_image_0_20240712104857.jpg,pressure_gauge_handheld,train,unknown
voc_roi_image_0_20240712104858.jpg,pressure_gauge_handheld,train,unknown
voc_roi_image_0_20240712104859.jpg,pressure_gauge_handheld,train,unknown
voc_roi_image_0_20240712104900.jpg,pressure_gauge_handheld,train,unknown
voc_roi_image_0_20240712104901.jpg,pressure_gauge_handheld,train,unknown
voc_roi_image_0_20240712104902.jpg,pressure_gauge_handheld,train,unknown
voc_roi_image_0_20240712104903.jpg,pressure_gauge_handheld,train,unknown
voc_roi_image_0_20240712104904.jpg,pressure_gauge_handheld,train,unknown
voc_roi_image_0_20240712104905.jpg,pressure_gauge_handheld,train,unknown
voc_roi_image_0_20240712104938.jpg,pressure_gauge_handheld,test,unknown
voc_roi_image_0_20240712104941.jpg,pressure_gauge_handheld,train,unknown
voc_roi_image_0_20240712104942.jpg,pressure_gauge_handheld,train,unknown
voc_roi_image_0_20240712104943.jpg,pressure_gauge_handheld,train,unknown
voc_roi_image_0_20240712104944.jpg,pressure_gauge_handheld,train,unknown
voc_roi_image_0_20240712104945.jpg,pressure_gauge_handheld,train,unknown
voc_roi_image_0_20240712104946.jpg,pressure_gauge_handheld,train,unknown
voc_roi_image_0_20240712104947.jpg,pressure_gauge_handheld,train,unknown
voc_roi_image_0_20240712104949.jpg,pressure_gauge_handheld,train,unknown
voc_roi_image_0_20240712104950.jpg,pressure_gauge_handheld,train,unknown
voc_roi_image_0_20240712104951.jpg,pressure_gauge_handheld,train,unknown
voc_roi_image_0_20240712104952.jpg,pressure_gauge_handheld,train,unknown
voc_roi_image_0_20240712104953.jpg,pressure_gauge_handheld,train,unknown
voc_roi_image_0_20240712104954.jpg,pressure_gauge_handheld,train,unknown
voc_roi_image_0_20240712104955.jpg,pressure_gauge_handheld,train,unknown
voc_roi_image_0_20240712104956.jpg,pressure_gauge_handheld,train,unknown
voc_roi_image_0_20240712104957.jpg,pressure_gauge_handheld,train,unknown
voc_roi_image_0_20240712105014.jpg,pressure_gauge_handheld,test,unknown
voc_roi_image_0_20240712105015.jpg,pressure_gauge_handheld,train,unknown
voc_roi_image_0_20240712105016.jpg,pressure_gauge_handheld,train,unknown
voc_roi_image_0_20240712105017.jpg,pressure_gauge_handheld,train,unknown
voc_roi_image_0_20240712105018.jpg,pressure_gauge_handheld,train,unknown
voc_roi_image_0_20240712105019.jpg,pressure_gauge_handheld,train,unknown
voc_roi_image_0_20240712105020.jpg,pressure_gauge_handheld,train,unknown
voc_roi_image_0_20240712105021.jpg,pressure_gauge_handheld,train,unknown
voc_roi_image_0_20240712105022.jpg,pressure_gauge_handheld,train,unknown
voc_roi_image_0_20240712105023.jpg,pressure_gauge_handheld,train,unknown
voc_roi_image_0_20240712105024.jpg,pressure_gauge_handheld,train,unknown
voc_roi_image_0_20240712105025.jpg,pressure_gauge_handheld,train,unknown
voc_roi_image_0_20240712105026.jpg,pressure_gauge_handheld,train,unknown
voc_roi_image_0_20240712105027.jpg,pressure_gauge_handheld,train,unknown
voc_roi_image_0_20240712105028.jpg,pressure_gauge_handheld,train,unknown
voc_roi_image_0_20240712105029.jpg,pressure_gauge_handheld,train,unknown
voc_roi_image_0_20240712105030.jpg,pressure_gauge_handheld,train,unknown
voc_roi_image_0_20240712105031.jpg,pressure_gauge_handheld,train,unknown
voc_roi_image_0_20240712105032.jpg,pressure_gauge_handheld,train,unknown
voc_roi_image_0_20240712105033.jpg,pressure_gauge_handheld,train,unknown
voc_roi_image_0_20240712105034.jpg,pressure_gauge_handheld,train,unknown
voc_roi_image_0_20240712105100.jpg,pressure_gauge_handheld,test,unknown
voc_roi_image_0_20240712105101.jpg,pressure_gauge_handheld,train,unknown
voc_roi_image_0_20240712105102.jpg,pressure_gauge_handheld,train,unknown
voc_roi_image_0_20240712105103.jpg,pressure_gauge_handheld,train,unknown
voc_roi_image_0_20240712105104.jpg,pressure_gauge_handheld,train,unknown
voc_roi_image_0_20240712105105.jpg,pressure_gauge_handheld,train,unknown
voc_roi_image_0_20240712105106.jpg,pressure_gauge_handheld,train,unknown
voc_roi_image_0_20240712105107.jpg,pressure_gauge_handheld,train,unknown
voc_roi_image_0_20240712105108.jpg,pressure_gauge_handheld,train,unknown
voc_roi_image_0_20240712105109.jpg,pressure_gauge_handheld,train,unknown
voc_roi_image_0_20240712105110.jpg,pressure_gauge_handheld,train,unknown
voc_roi_image_0_20240712105111.jpg,pressure_gauge_handheld,train,unknown
voc_roi_image_0_20240712105112.jpg,pressure_gauge_handheld,train,unknown
voc_roi_image_0_20240712105113.jpg,pressure_gauge_handheld,train,unknown
voc_roi_image_0_20240712105146.jpg,pressure_gauge_handheld,train,unknown
voc_roi_image_0_20240712105147.jpg,pressure_gauge_handheld,train,unknown
voc_roi_image_0_20240712105148.jpg,pressure_gauge_handheld,train,unknown
voc_roi_image_0_20240712105149.jpg,pressure_gauge_handheld,test,unknown
voc_roi_image_0_20240712105150.jpg,pressure_gauge_handheld,test,unknown
voc_roi_image_0_20240712105151.jpg,pressure_gauge_handheld,train,unknown
voc_roi_image_0_20240712105152.jpg,pressure_gauge_handheld,train,unknown
voc_roi_image_0_20240712105153.jpg,pressure_gauge_handheld,train,unknown
voc_roi_image_0_20240712105154.jpg,pressure_gauge_handheld,test,unknown
voc_roi_image_0_20240712105155.jpg,pressure_gauge_handheld,test,unknown
voc_roi_image_0_20240712105156.jpg,pressure_gauge_handheld,train,unknown
voc_roi_image_0_20240712105157.jpg,pressure_gauge_handheld,train,unknown
voc_roi_image_0_20240712105158.jpg,pressure_gauge_handheld,train,unknown
voc_roi_image_0_20240712105159.jpg,pressure_gauge_handheld,test,unknown
voc_roi_image_0_20240712105229.jpg,pressure_gauge_handheld,test,unknown
voc_roi_image_0_20240712105230.jpg,pressure_gauge_handheld,train,unknown
voc_roi_image_0_20240712105231.jpg,pressure_gauge_handheld,test,unknown
voc_roi_image_0_20240712105232.jpg,pressure_gauge_handheld,train,unknown
voc_roi_image_0_20240712105233.jpg,pressure_gauge_handheld,train,unknown
voc_roi_image_0_20240712105234.jpg,pressure_gauge_handheld,test,unknown
voc_roi_image_0_20240712105235.jpg,pressure_gauge_handheld,test,unknown
voc_roi_image_0_20240712105236.jpg,pressure_gauge_handheld,test,unknown
voc_roi_image_0_20240712105237.jpg,pressure_gauge_handheld,test,unknown
voc_roi_image_0_20240712105238.jpg,pressure_gauge_handheld,train,unknown
voc_roi_image_0_20240712105239.jpg,pressure_gauge_handheld,train,unknown
voc_roi_image_0_20240712105240.jpg,pressure_gauge_handheld,train,unknown
voc_roi_image_0_20240712105241.jpg,pressure_gauge_handheld,train,unknown
voc_roi_image_0_20240712105242.jpg,pressure_gauge_handheld,train,unknown
voc_roi_image_0_20240712105243.jpg,pressure_gauge_handheld,train,unknown
voc_roi_image_0_20240712105244.jpg,pressure_gauge_handheld,train,unknown
voc_roi_image_0_20240712105245.jpg,pressure_gauge_handheld,test,unknown
voc_roi_image_0_20240712105246.jpg,pressure_gauge_handheld,test,unknown
voc_roi_image_0_20240712105248.jpg,pressure_gauge_handheld,train,unknown
voc_roi_image_0_20240712105249.jpg,pressure_gauge_handheld,train,unknown
voc_roi_image_0_20240712105250.jpg,pressure_gauge_handheld,train,unknown
voc_roi_image_0_20240712105251.jpg,pressure_gauge_handheld,train,unknown
voc_roi_image_0_20240712105252.jpg,pressure_gauge_handheld,train,unknown
voc_roi_image_0_20240712105253.jpg,pressure_gauge_handheld,train,unknown
voc_roi_image_0_20240712105254.jpg,pressure_gauge_handheld,test,unknown
voc_roi_image_0_20240712105255.jpg,pressure_gauge_handheld,train,unknown
voc_roi_image_0_20240712105256.jpg,pressure_gauge_industrial,test,unknown
voc_roi_image_0_20240712105257.jpg,pressure_gauge_handheld,train,unknown
voc_roi_image_0_20240712105258.jpg,pressure_gauge_handheld,train,unknown
voc_roi_image_0_20240712105259.jpg,pressure_gauge_handheld,train,unknown
voc_roi_image_0_20240712105324.jpg,pressure_gauge_handheld,test,unknown
voc_roi_image_0_20240712105325.jpg,pressure_gauge_handheld,test,unknown
voc_roi_image_0_20240712105326.jpg,pressure_gauge_handheld,test,unknown
voc_roi_image_0_20240712105327.jpg,pressure_gauge_handheld,test,unknown
voc_roi_image_0_20240712105328.jpg,pressure_gauge_handheld,train,unknown
voc_roi_image_0_20240712105329.jpg,pressure_gauge_handheld,train,unknown
voc_roi_image_0_20240712105330.jpg,pressure_gauge_handheld,train,unknown
voc_roi_image_0_20240712105331.jpg,pressure_gauge_handheld,train,unknown
voc_roi_image_0_20240712105332.jpg,pressure_gauge_handheld,train,unknown
voc_roi_image_0_20240712105333.jpg,pressure_gauge_handheld,train,unknown
voc_roi_image_0_20240712105334.jpg,pressure_gauge_handheld,train,unknown
voc_roi_image_0_20240712105335.jpg,pressure_gauge_handheld,train,unknown
voc_roi_image_0_20240712105336.jpg,pressure_gauge_handheld,train,unknown
voc_roi_image_0_20240712105337.jpg,pressure_gauge_handheld,train,unknown
voc_roi_image_0_20240712105434.jpg,pressure_gauge_handheld,test,unknown
voc_roi_image_0_20240712105435.jpg,pressure_gauge_handheld,test,unknown
voc_roi_image_0_20240712105436.jpg,pressure_gauge_handheld,test,unknown
voc_roi_image_0_20240712105437.jpg,pressure_gauge_handheld,test,unknown
voc_roi_image_0_20240712105438.jpg,pressure_gauge_handheld,test,unknown
voc_roi_image_0_20240712105439.jpg,pressure_gauge_handheld,test,unknown
voc_roi_image_0_20240712105440.jpg,pressure_gauge_handheld,test,unknown
voc_roi_image_0_20240712105441.jpg,pressure_gauge_handheld,train,unknown
voc_roi_image_0_20240712105442.jpg,pressure_gauge_industrial,test,unknown
voc_roi_image_0_20240712105443.jpg,pressure_gauge_handheld,train,unknown
voc_roi_image_0_20240712105444.jpg,pressure_gauge_handheld,train,unknown
voc_roi_image_0_20240712105445.jpg,pressure_gauge_handheld,train,unknown
voc_roi_image_0_20240712105446.jpg,pressure_gauge_handheld,train,unknown
voc_roi_image_0_20240712105447.jpg,pressure_gauge_handheld,train,unknown
voc_roi_image_0_20240712105448.jpg,pressure_gauge_handheld,train,unknown
voc_roi_image_0_20240712105449.jpg,pressure_gauge_handheld,train,unknown
voc_roi_image_0_20240712105450.jpg,pressure_gauge_handheld,train,unknown
voc_roi_image_0_20240712105451.jpg,pressure_gauge_handheld,train,unknown
voc_roi_image_0_20240712105452.jpg,pressure_gauge_handheld,train,unknown
voc_roi_image_0_20240712105453.jpg,pressure_gauge_handheld,train,unknown
voc_roi_image_0_20240712105454.jpg,pressure_gauge_handheld,train,unknown
voc_roi_image_0_20240712105455.jpg,pressure_gauge_handheld,train,unknown
voc_roi_image_0_20240713143222.jpg,pressure_gauge_handheld,test,unknown
voc_roi_image_0_20240713143223.jpg,pressure_gauge_handheld,test,unknown
voc_roi_image_0_20240713143224.jpg,pressure_gauge_handheld,train,unknown
voc_roi_image_0_20240713143225.jpg,pressure_gauge_handheld,train,unknown
voc_roi_image_0_20240713143226.jpg,pressure_gauge_handheld,train,unknown
voc_roi_image_0_20240713143227.jpg,pressure_gauge_handheld,train,unknown
voc_roi_image_0_20240713143228.jpg,pressure_gauge_handheld,train,unknown
voc_roi_image_0_20240713143229.jpg,pressure_gauge_handheld,train,unknown
voc_roi_image_0_20240713143230.jpg,pressure_gauge_handheld,train,unknown
voc_roi_image_0_20240713143231.jpg,pressure_gauge_handheld,train,unknown
voc_roi_image_0_20240713143232.jpg,pressure_gauge_handheld,test,unknown
voc_roi_image_0_20240713143233.jpg,pressure_gauge_handheld,train,unknown
voc_roi_image_0_20240713143234.jpg,pressure_gauge_handheld,train,unknown
voc_roi_image_0_20240713143235.jpg,pressure_gauge_handheld,test,unknown
voc_roi_image_0_20240713143259.jpg,pressure_gauge_handheld,test,unknown
voc_roi_image_0_20240713143300.jpg,pressure_gauge_handheld,test,unknown
voc_roi_image_0_20240713143301.jpg,pressure_gauge_handheld,test,unknown
voc_roi_image_0_20240713143302.jpg,pressure_gauge_handheld,train,unknown
voc_roi_image_0_20240713143303.jpg,pressure_gauge_handheld,train,unknown
voc_roi_image_0_20240713143304.jpg,pressure_gauge_handheld,train,unknown
voc_roi_image_0_20240713143305.jpg,pressure_gauge_handheld,train,unknown
voc_roi_image_0_20240713143306.jpg,pressure_gauge_handheld,train,unknown
voc_roi_image_0_20240713143307.jpg,pressure_gauge_handheld,train,unknown
voc_roi_image_0_20240713143308.jpg,pressure_gauge_handheld,train,unknown
voc_roi_image_0_20240713143309.jpg,pressure_gauge_handheld,train,unknown
voc_roi_image_0_20240713143310.jpg,pressure_gauge_handheld,train,unknown
voc_roi_image_0_20240713143311.jpg,pressure_gauge_handheld,test,unknown
voc_roi_image_0_20240713143338.jpg,pressure_gauge_handheld,test,unknown
voc_roi_image_0_20240713143339.jpg,pressure_gauge_handheld,train,unknown
voc_roi_image_0_20240713143340.jpg,pressure_gauge_handheld,test,unknown
voc_roi_image_0_20240713143341.jpg,pressure_gauge_handheld,train,unknown
voc_roi_image_0_20240713143342.jpg,pressure_gauge_handheld,train,unknown
voc_roi_image_0_20240713143343.jpg,pressure_gauge_handheld,train,unknown
voc_roi_image_0_20240713143344.jpg,pressure_gauge_handheld,train,unknown
voc_roi_image_0_20240713143345.jpg,pressure_gauge_handheld,train,unknown
voc_roi_image_0_20240713143346.jpg,pressure_gauge_handheld,train,unknown
voc_roi_image_0_20240713143347.jpg,pressure_gauge_handheld,train,unknown
voc_roi_image_0_20240713143348.jpg,pressure_gauge_handheld,train,unknown
voc_roi_image_0_20240713143349.jpg,pressure_gauge_handheld,train,unknown
voc_roi_image_0_20240713143425.jpg,pressure_gauge_handheld,test,unknown
voc_roi_image_0_20240713143426.jpg,pressure_gauge_handheld,test,unknown
voc_roi_image_0_20240713143427.jpg,pressure_gauge_handheld,train,unknown
voc_roi_image_0_20240713143428.jpg,pressure_gauge_handheld,train,unknown
voc_roi_image_0_20240713143429.jpg,pressure_gauge_handheld,test,unknown
voc_roi_image_0_20240713143430.jpg,pressure_gauge_handheld,test,unknown
voc_roi_image_0_20240713143432.jpg,pressure_gauge_handheld,train,unknown
voc_roi_image_0_20240713143433.jpg,pressure_gauge_handheld,train,unknown
voc_roi_image_0_20240713143434.jpg,pressure_gauge_handheld,train,unknown
voc_roi_image_0_20240713143435.jpg,pressure_gauge_handheld,train,unknown
voc_roi_image_0_20240713143442.jpg,pressure_gauge_handheld,test,unknown
voc_roi_image_0_20240713143443.jpg,pressure_gauge_handheld,train,unknown
voc_roi_image_0_20240713143444.jpg,pressure_gauge_handheld,train,unknown
voc_roi_image_0_20240713143445.jpg,pressure_gauge_handheld,train,unknown
voc_roi_image_0_20240713143446.jpg,pressure_gauge_handheld,train,unknown
voc_roi_image_0_20240713143447.jpg,pressure_gauge_handheld,train,unknown
voc_roi_image_0_20240713143448.jpg,pressure_gauge_handheld,train,unknown
voc_roi_image_0_20240713143449.jpg,pressure_gauge_handheld,train,unknown
voc_roi_image_0_20240713143529.jpg,pressure_gauge_handheld,test,unknown
voc_roi_image_0_20240713143530.jpg,pressure_gauge_handheld,test,unknown
voc_roi_image_0_20240713143531.jpg,pressure_gauge_handheld,test,unknown
voc_roi_image_0_20240713143532.jpg,pressure_gauge_handheld,train,unknown
voc_roi_image_0_20240713143533.jpg,pressure_gauge_handheld,train,unknown
voc_roi_image_0_20240713143641.jpg,pressure_gauge_handheld,test,unknown
voc_roi_image_0_20240713143701.jpg,pressure_gauge_handheld,test,unknown
voc_roi_image_0_20240713143703.jpg,pressure_gauge_handheld,test,unknown
voc_roi_image_0_20240713143705.jpg,pressure_gauge_handheld,test,unknown
voc_roi_image_0_20240713143707.jpg,pressure_gauge_handheld,train,unknown
voc_roi_image_0_20240713143708.jpg,pressure_gauge_handheld,train,unknown
voc_roi_image_0_20240713143709.jpg,pressure_gauge_handheld,train,unknown
voc_roi_image_0_20240713143710.jpg,pressure_gauge_handheld,train,unknown
voc_roi_image_0_20240713143711.jpg,pressure_gauge_handheld,train,unknown
voc_roi_image_0_20240713143739.jpg,pressure_gauge_handheld,train,unknown
voc_roi_image_0_20240713143740.jpg,pressure_gauge_handheld,train,unknown
voc_roi_image_0_20240713143741.jpg,pressure_gauge_handheld,train,unknown
voc_roi_image_0_20240713143742.jpg,pressure_gauge_handheld,train,unknown
voc_roi_image_0_20240713143743.jpg,pressure_gauge_handheld,train,unknown
voc_roi_image_0_20240713143744.jpg,pressure_gauge_handheld,train,unknown
voc_roi_image_0_20240713143745.jpg,pressure_gauge_handheld,train,unknown
voc_roi_image_0_20240713143746.jpg,pressure_gauge_handheld,train,unknown
voc_roi_image_0_20240713143747.jpg,pressure_gauge_handheld,train,unknown
voc_roi_image_0_20240713143748.jpg,pressure_gauge_handheld,train,unknown
voc_roi_image_0_20240713143823.jpg,pressure_gauge_handheld,test,unknown
voc_roi_image_0_20240713143824.jpg,pressure_gauge_handheld,test,unknown
voc_roi_image_0_20240713143825.jpg,pressure_gauge_handheld,train,unknown
voc_roi_image_0_20240713143826.jpg,pressure_gauge_handheld,train,unknown
voc_roi_image_0_20240713143827.jpg,pressure_gauge_handheld,train,unknown
voc_roi_image_0_20240713143913.jpg,pressure_gauge_handheld,test,unknown
voc_roi_image_0_20240713143914.jpg,pressure_gauge_handheld,test,unknown
voc_roi_image_0_20240713143915.jpg,pressure_gauge_handheld,test,unknown
voc_roi_image_0_20240713144018.jpg,pressure_gauge_handheld,train,unknown
voc_roi_image_0_20240713144019.jpg,pressure_gauge_handheld,train,unknown
voc_roi_image_0_20240713144020.jpg,pressure_gauge_handheld,train,unknown
voc_roi_image_0_20240713144021.jpg,pressure_gauge_handheld,train,unknown
voc_roi_image_0_20240713144022.jpg,pressure_gauge_handheld,train,unknown
voc_roi_image_0_20240713144023.jpg,pressure_gauge_handheld,train,unknown
voc_roi_image_0_20240713144024.jpg,pressure_gauge_handheld,train,unknown
voc_roi_image_0_20240713144025.jpg,pressure_gauge_handheld,train,unknown
voc_roi_image_0_20240713144026.jpg,pressure_gauge_handheld,train,unknown
voc_roi_image_0_20240713144027.jpg,pressure_gauge_handheld,train,unknown
voc_roi_image_0_20240713144104.jpg,pressure_gauge_handheld,train,unknown
voc_roi_image_0_20240713144105.jpg,pressure_gauge_handheld,train,unknown
voc_roi_image_0_20240713144106.jpg,pressure_gauge_handheld,train,unknown
voc_roi_image_0_20240713144107.jpg,pressure_gauge_handheld,train,unknown
voc_roi_image_0_20240713144108.jpg,pressure_gauge_handheld,train,unknown
voc_roi_image_0_20240713144130.jpg,pressure_gauge_handheld,test,unknown
voc_roi_image_0_20240713144131.jpg,pressure_gauge_handheld,train,unknown
voc_roi_image_0_20240713144132.jpg,pressure_gauge_handheld,train,unknown
voc_roi_image_0_20240713144133.jpg,pressure_gauge_handheld,train,unknown
voc_roi_image_0_20240713144134.jpg,pressure_gauge_handheld,train,unknown
voc_roi_image_0_20240713144135.jpg,pressure_gauge_handheld,train,unknown
voc_roi_image_0_20240713144136.jpg,pressure_gauge_handheld,train,unknown
voc_roi_image_0_20240713144137.jpg,pressure_gauge_handheld,train,unknown
voc_roi_image_0_20240713144138.jpg,pressure_gauge_handheld,train,unknown
voc_roi_image_0_20240713144139.jpg,pressure_gauge_handheld,train,unknown
voc_roi_image_0_20240713144203.jpg,pressure_gauge_handheld,test,unknown
voc_roi_image_0_20240713144204.jpg,pressure_gauge_handheld,test,unknown
voc_roi_image_0_20240713144205.jpg,pressure_gauge_handheld,train,unknown
voc_roi_image_0_20240713144206.jpg,pressure_gauge_handheld,train,unknown
voc_roi_image_0_20240713144207.jpg,pressure_gauge_handheld,test,unknown
voc_roi_image_0_20240713144208.jpg,pressure_gauge_handheld,train,unknown
voc_roi_image_0_20240713144209.jpg,pressure_gauge_handheld,train,unknown
voc_roi_image_0_20240713144210.jpg,pressure_gauge_handheld,train,unknown
voc_roi_image_0_20240713144211.jpg,pressure_gauge_handheld,train,unknown
voc_roi_image_0_20240713144212.jpg,pressure_gauge_handheld,train,unknown
voc_roi_image_0_20240713144213.jpg,pressure_gauge_handheld,train,unknown
voc_roi_image_0_20240713144242.jpg,pressure_gauge_handheld,test,unknown
voc_roi_image_0_20240713144243.jpg,pressure_gauge_handheld,train,unknown
voc_roi_image_0_20240713144244.jpg,pressure_gauge_handheld,train,unknown
voc_roi_image_0_20240713144245.jpg,pressure_gauge_handheld,test,unknown
voc_roi_image_0_20240713144246.jpg,pressure_gauge_handheld,train,unknown
voc_roi_image_0_20240713144247.jpg,pressure_gauge_handheld,train,unknown
voc_roi_image_0_20240713144248.jpg,pressure_gauge_handheld,train,unknown
voc_roi_image_0_20240713144249.jpg,pressure_gauge_handheld,train,unknown
voc_roi_image_0_20240713144250.jpg,pressure_gauge_handheld,train,unknown
voc_roi_image_0_20240713144251.jpg,pressure_gauge_handheld,train,unknown
voc_roi_image_0_20240713144252.jpg,pressure_gauge_handheld,train,unknown
voc_roi_image_0_20240713144253.jpg,pressure_gauge_handheld,train,unknown
voc_roi_image_0_20240713144320.jpg,pressure_gauge_handheld,train,unknown
voc_roi_image_0_20240713144321.jpg,pressure_gauge_handheld,train,unknown
voc_roi_image_0_20240713144322.jpg,pressure_gauge_handheld,train,unknown
voc_roi_image_0_20240713144323.jpg,pressure_gauge_handheld,train,unknown
voc_roi_image_0_20240713144324.jpg,pressure_gauge_handheld,train,unknown
voc_roi_image_0_20240713144325.jpg,pressure_gauge_handheld,train,unknown
voc_roi_image_0_20240713144326.jpg,pressure_gauge_handheld,test,unknown
voc_roi_image_0_20240713144327.jpg,pressure_gauge_handheld,train,unknown
voc_roi_image_0_20240713144328.jpg,pressure_gauge_handheld,train,unknown
voc_roi_image_0_20240713144406.jpg,pressure_gauge_handheld,test,unknown
voc_roi_image_0_20240713144424.jpg,pressure_gauge_handheld,test,unknown
voc_roi_image_0_20240713144425.jpg,pressure_gauge_handheld,train,unknown
voc_roi_image_0_20240713144426.jpg,pressure_gauge_handheld,train,unknown
voc_roi_image_0_20240713144427.jpg,pressure_gauge_handheld,train,unknown
voc_roi_image_0_20240713144428.jpg,pressure_gauge_handheld,train,unknown
voc_roi_image_0_20240713144429.jpg,pressure_gauge_handheld,train,unknown
voc_roi_image_0_20240713144430.jpg,pressure_gauge_handheld,train,unknown
voc_roi_image_0_20240713144431.jpg,pressure_gauge_handheld,train,unknown
voc_roi_image_0_20240713144432.jpg,pressure_gauge_handheld,train,unknown
voc_roi_image_0_20240713144433.jpg,pressure_gauge_handheld,train,unknown
voc_roi_image_0_20240713144434.jpg,pressure_gauge_handheld,train,unknown
voc_roi_image_0_20240713144546.jpg,pressure_gauge_handheld,test,unknown
voc_roi_image_0_20240713144547.jpg,pressure_gauge_handheld,train,unknown
voc_roi_image_0_20240713144548.jpg,pressure_gauge_handheld,train,unknown
voc_roi_image_0_20240713144549.jpg,pressure_gauge_handheld,train,unknown
voc_roi_image_0_20240713144550.jpg,pressure_gauge_handheld,train,unknown
voc_roi_image_0_20240713144551.jpg,pressure_gauge_handheld,train,unknown
voc_roi_image_0_20240713144552.jpg,pressure_gauge_handheld,train,unknown
voc_roi_image_0_20240713144553.jpg,pressure_gauge_handheld,train,unknown
voc_roi_image_0_20240713144554.jpg,pressure_gauge_handheld,train,unknown
voc_roi_image_0_20240713144555.jpg,pressure_gauge_handheld,train,unknown
voc_roi_image_0_20240717134255.jpg,pressure_gauge_industrial,train,unknown
voc_roi_image_0_20240717134256.jpg,pressure_gauge_industrial,train,unknown
voc_roi_image_0_20240717134304.jpg,pressure_gauge_industrial,train,unknown
voc_roi_image_0_20240717134305.jpg,pressure_gauge_industrial,train,unknown
voc_roi_image_0_20240717134313.jpg,pressure_gauge_industrial,train,unknown
voc_roi_image_0_20240717134314.jpg,pressure_gauge_industrial,train,unknown
voc_roi_image_0_20240717134315.jpg,pressure_gauge_industrial,train,unknown
voc_roi_image_0_20240717134316.jpg,pressure_gauge_industrial,train,unknown
voc_roi_image_0_20240717134321.jpg,pressure_gauge_industrial,train,unknown
voc_roi_image_0_20240717134323.jpg,pressure_gauge_industrial,train,unknown
voc_roi_image_0_20240717134325.jpg,pressure_gauge_industrial,train,unknown
voc_roi_image_0_20240717134330.jpg,pressure_gauge_industrial,train,unknown
voc_roi_image_0_20240717134332.jpg,pressure_gauge_industrial,train,unknown
voc_roi_image_0_20240717134338.jpg,pressure_gauge_industrial,train,unknown
voc_roi_image_0_20240717134339.jpg,pressure_gauge_lab,train,unknown
voc_roi_image_0_20240717134355.jpg,pressure_gauge_industrial,train,unknown
voc_roi_image_0_20240717134359.jpg,pressure_gauge_industrial,train,unknown
voc_roi_image_0_20240717134400.jpg,pressure_gauge_industrial,train,unknown
voc_roi_image_0_20240717134410.jpg,pressure_gauge_industrial,train,unknown
voc_roi_image_0_20240717134411.jpg,pressure_gauge_industrial,train,unknown
voc_roi_image_0_20240717134413.jpg,pressure_gauge_industrial,train,unknown
voc_roi_image_0_20240717134422.jpg,pressure_gauge_industrial,train,unknown
voc_roi_image_0_20240717134423.jpg,pressure_gauge_industrial,train,unknown
voc_roi_image_0_20240717134426.jpg,pressure_gauge_industrial,train,unknown
voc_roi_image_0_20240717134427.jpg,pressure_gauge_industrial,train,unknown
voc_roi_image_0_20240717134428.jpg,pressure_gauge_industrial,train,unknown
voc_roi_image_0_20240717134431.jpg,pressure_gauge_industrial,train,unknown
voc_roi_image_0_20240717134432.jpg,pressure_gauge_industrial,train,unknown
voc_roi_image_0_20240717134433.jpg,pressure_gauge_industrial,train,unknown
voc_roi_image_0_20240717134434.jpg,pressure_gauge_industrial,train,unknown
voc_roi_image_0_20240717134435.jpg,pressure_gauge_industrial,train,unknown
voc_roi_image_0_20240717134436.jpg,pressure_gauge_industrial,train,unknown
voc_roi_image_0_20240717134437.jpg,pressure_gauge_industrial,train,unknown
voc_roi_image_0_20240717134438.jpg,pressure_gauge_industrial,train,unknown
voc_roi_image_0_20240717134449.jpg,pressure_gauge_industrial,train,unknown
voc_roi_image_0_20240717134451.jpg,pressure_gauge_industrial,train,unknown
voc_roi_image_0_20240717134452.jpg,pressure_gauge_industrial,train,unknown
voc_roi_image_0_20240717134454.jpg,pressure_gauge_industrial,train,unknown
voc_roi_image_0_20240717134455.jpg,pressure_gauge_industrial,train,unknown
voc_roi_image_0_20240717134456.jpg,pressure_gauge_industrial,train,unknown
voc_roi_image_0_20240717134458.jpg,pressure_gauge_industrial,train,unknown
voc_roi_image_0_20240717134459.jpg,pressure_gauge_industrial,train,unknown
voc_roi_image_0_20240717134500.jpg,pressure_gauge_industrial,train,unknown
voc_roi_image_0_20240717134501.jpg,pressure_gauge_industrial,train,unknown
voc_roi_image_0_20240717134502.jpg,pressure_gauge_industrial,train,unknown
voc_roi_image_0_20240717134503.jpg,pressure_gauge_industrial,train,unknown
voc_roi_image_0_20240717134504.jpg,pressure_gauge_industrial,train,unknown
voc_roi_image_0_20240717134506.jpg,pressure_gauge_industrial,train,unknown
voc_roi_image_0_20240717134507.jpg,pressure_gauge_industrial,train,unknown
voc_roi_image_0_20240717134508.jpg,pressure_gauge_industrial,train,unknown
voc_roi_image_0_20240717134509.jpg,pressure_gauge_industrial,train,unknown
voc_roi_image_0_20240717134510.jpg,pressure_gauge_industrial,train,unknown
voc_roi_image_0_20240717134511.jpg,pressure_gauge_industrial,train,unknown
voc_roi_image_0_20240717134513.jpg,pressure_gauge_industrial,test,unknown
voc_roi_image_0_20240717134516.jpg,pressure_gauge_industrial,train,unknown
voc_roi_image_0_20240717134523.jpg,pressure_gauge_industrial,train,unknown
voc_roi_image_0_20240717134524.jpg,pressure_gauge_industrial,train,unknown
voc_roi_image_0_20240717134527.jpg,pressure_gauge_industrial,train,unknown
voc_roi_image_0_20240717134531.jpg,pressure_gauge_industrial,train,unknown
voc_roi_image_0_20240717134532.jpg,pressure_gauge_industrial,train,unknown
voc_roi_image_0_20240717134540.jpg,pressure_gauge_industrial,train,unknown
voc_roi_image_0_20240717134549.jpg,pressure_gauge_industrial,train,unknown
voc_roi_image_0_20240717134550.jpg,pressure_gauge_industrial,train,unknown
voc_roi_image_0_20240717134554.jpg,pressure_gauge_industrial,train,unknown
voc_roi_image_0_20240717134555.jpg,pressure_gauge_industrial,train,unknown
voc_roi_image_0_20240717134556.jpg,pressure_gauge_industrial,train,unknown
voc_roi_image_0_20240717134600.jpg,pressure_gauge_industrial,train,unknown
voc_roi_image_0_20240717134601.jpg,pressure_gauge_industrial,train,unknown
voc_roi_image_0_20240717134602.jpg,pressure_gauge_industrial,train,unknown
voc_roi_image_0_20240717134604.jpg,pressure_gauge_industrial,train,unknown
voc_roi_image_0_20240717134608.jpg,pressure_gauge_industrial,train,unknown
voc_roi_image_0_20240717134609.jpg,pressure_gauge_industrial,train,unknown
voc_roi_image_0_20240717134613.jpg,pressure_gauge_industrial,train,unknown
voc_roi_image_0_20240717134614.jpg,pressure_gauge_industrial,train,unknown
voc_roi_image_0_20240717134623.jpg,pressure_gauge_industrial,train,unknown
voc_roi_image_0_20240717134624.jpg,pressure_gauge_industrial,train,unknown
voc_roi_image_0_20240717134635.jpg,pressure_gauge_lab,train,unknown
voc_roi_image_0_20240717134637.jpg,pressure_gauge_lab,train,unknown
voc_roi_image_0_20240717134657.jpg,pressure_gauge_industrial,train,unknown
voc_roi_image_0_20240717134658.jpg,pressure_gauge_industrial,train,unknown
voc_roi_image_0_20240717134659.jpg,pressure_gauge_industrial,train,unknown
voc_roi_image_0_20240717134707.jpg,pressure_gauge_industrial,train,unknown
voc_roi_image_0_20240717134708.jpg,pressure_gauge_industrial,train,unknown
voc_roi_image_0_20240717134711.jpg,pressure_gauge_industrial,train,unknown
voc_roi_image_0_20240717134712.jpg,pressure_gauge_industrial,train,unknown
voc_roi_image_0_20240717134713.jpg,pressure_gauge_industrial,train,unknown
voc_roi_image_0_20240717134719.jpg,pressure_gauge_industrial,train,unknown
voc_roi_image_0_20240717134723.jpg,pressure_gauge_industrial,train,unknown
voc_roi_image_0_20240717134724.jpg,pressure_gauge_industrial,train,unknown
voc_roi_image_0_20240717134725.jpg,pressure_gauge_industrial,train,unknown
voc_roi_image_0_20240717134726.jpg,pressure_gauge_industrial,train,unknown
voc_roi_image_0_20240717134727.jpg,pressure_gauge_industrial,train,unknown
voc_roi_image_0_20240717134728.jpg,pressure_gauge_industrial,train,unknown
voc_roi_image_0_20240717134729.jpg,pressure_gauge_lab,train,unknown
voc_roi_image_0_20240717134730.jpg,pressure_gauge_industrial,train,unknown
voc_roi_image_0_20240717134742.jpg,pressure_gauge_industrial,train,unknown
voc_roi_image_0_20240717134745.jpg,pressure_gauge_industrial,train,unknown
voc_roi_image_0_20240717134747.jpg,pressure_gauge_industrial,train,unknown
voc_roi_image_0_20240717134749.jpg,pressure_gauge_industrial,train,unknown
voc_roi_image_0_20240717134750.jpg,pressure_gauge_industrial,train,unknown
voc_roi_image_0_20240717134751.jpg,pressure_gauge_industrial,train,unknown
voc_roi_image_0_20240717134752.jpg,pressure_gauge_industrial,train,unknown
voc_roi_image_0_20240717134754.jpg,pressure_gauge_industrial,train,unknown
voc_roi_image_0_20240717134755.jpg,pressure_gauge_industrial,train,unknown
voc_roi_image_0_20240717134802.jpg,pressure_gauge_industrial,train,unknown
voc_roi_image_0_20240717134811.jpg,pressure_gauge_industrial,train,unknown
voc_roi_image_0_20240717134818.jpg,pressure_gauge_industrial,train,unknown
voc_roi_image_0_20240717134824.jpg,pressure_gauge_industrial,train,unknown
voc_roi_image_0_20240717134825.jpg,pressure_gauge_industrial,train,unknown
voc_roi_image_0_20240717134826.jpg,pressure_gauge_industrial,train,unknown
voc_roi_image_0_20240717134827.jpg,pressure_gauge_industrial,train,unknown
voc_roi_image_0_20240717134828.jpg,pressure_gauge_industrial,train,unknown
voc_roi_image_0_20240717134842.jpg,pressure_gauge_industrial,train,unknown
voc_roi_image_0_20240717134845.jpg,pressure_gauge_industrial,train,unknown
voc_roi_image_0_20240717134846.jpg,pressure_gauge_industrial,train,unknown
voc_roi_image_0_20240717134847.jpg,pressure_gauge_industrial,train,unknown
voc_roi_image_0_20240717134848.jpg,pressure_gauge_industrial,train,unknown
voc_roi_image_0_20240717134849.jpg,pressure_gauge_industrial,train,unknown
voc_roi_image_0_20240717134856.jpg,pressure_gauge_industrial,train,unknown
voc_roi_image_0_20240717134858.jpg,pressure_gauge_industrial,train,unknown
voc_roi_image_0_20240717134902.jpg,pressure_gauge_industrial,train,unknown
voc_roi_image_0_20240717134911.jpg,pressure_gauge_industrial,train,unknown
voc_roi_image_0_20240717134913.jpg,pressure_gauge_industrial,train,unknown
voc_roi_image_0_20240717134915.jpg,pressure_gauge_lab,train,unknown
voc_roi_image_0_20240717134916.jpg,pressure_gauge_industrial,train,unknown
voc_roi_image_0_20240717135201.jpg,pressure_gauge_industrial,train,unknown
voc_roi_image_0_20240717135210.jpg,pressure_gauge_industrial,train,unknown
voc_roi_image_0_20240717135211.jpg,pressure_gauge_industrial,train,unknown
voc_roi_image_0_20240717135218.jpg,pressure_gauge_industrial,train,unknown
voc_roi_image_0_20240717135227.jpg,pressure_gauge_industrial,train,unknown
voc_roi_image_0_20240717135228.jpg,pressure_gauge_industrial,train,unknown
voc_roi_image_0_20240717135229.jpg,pressure_gauge_industrial,train,unknown
voc_roi_image_0_20240717135233.jpg,pressure_gauge_industrial,train,unknown
voc_roi_image_0_20240717135236.jpg,pressure_gauge_industrial,train,unknown
voc_roi_image_0_20240717135237.jpg,pressure_gauge_industrial,train,unknown
voc_roi_image_0_20240717135238.jpg,pressure_gauge_industrial,train,unknown
voc_roi_image_0_20240717135239.jpg,pressure_gauge_industrial,train,unknown
voc_roi_image_0_20240717135245.jpg,pressure_gauge_industrial,train,unknown
voc_roi_image_0_20240717135246.jpg,pressure_gauge_industrial,train,unknown
voc_roi_image_0_20240717135322.jpg,pressure_gauge_industrial,train,unknown
voc_roi_image_0_20240717135334.jpg,pressure_gauge_industrial,train,unknown
voc_roi_image_0_20240717135335.jpg,pressure_gauge_industrial,train,unknown
voc_roi_image_0_20240717135338.jpg,pressure_gauge_industrial,train,unknown
voc_roi_image_0_20240717135344.jpg,pressure_gauge_industrial,train,unknown
voc_roi_image_0_20240717135345.jpg,pressure_gauge_industrial,train,unknown
voc_roi_image_0_20240717135346.jpg,pressure_gauge_industrial,train,unknown
voc_roi_image_0_20240717135347.jpg,pressure_gauge_industrial,train,unknown
voc_roi_image_0_20240717135353.jpg,pressure_gauge_industrial,train,unknown
voc_roi_image_0_20240717135358.jpg,pressure_gauge_industrial,train,unknown
voc_roi_image_0_20240717135400.jpg,pressure_gauge_industrial,train,unknown
voc_roi_image_0_20240717135404.jpg,pressure_gauge_industrial,train,unknown
voc_roi_image_0_20240717135414.jpg,pressure_gauge_industrial,train,unknown
voc_roi_image_0_20240717135419.jpg,pressure_gauge_industrial,train,unknown
voc_roi_image_0_20240717135424.jpg,pressure_gauge_industrial,train,unknown
voc_roi_image_0_20240717135425.jpg,pressure_gauge_industrial,train,unknown
voc_roi_image_0_20240717135426.jpg,pressure_gauge_industrial,train,unknown
voc_roi_image_0_20240717135434.jpg,pressure_gauge_industrial,train,unknown
voc_roi_image_0_20240717135443.jpg,pressure_gauge_industrial,train,unknown
voc_roi_image_0_20240717135444.jpg,pressure_gauge_industrial,train,unknown
voc_roi_image_0_20240717135500.jpg,pressure_gauge_industrial,train,unknown
voc_roi_image_0_20240717135501.jpg,pressure_gauge_industrial,train,unknown
voc_roi_image_0_20240717135502.jpg,pressure_gauge_lab,train,unknown
voc_roi_image_0_20240717135504.jpg,pressure_gauge_industrial,train,unknown
voc_roi_image_0_20240717135509.jpg,pressure_gauge_industrial,train,unknown
voc_roi_image_0_20240717135517.jpg,pressure_gauge_industrial,train,unknown
voc_roi_image_0_20240717135528.jpg,pressure_gauge_industrial,train,unknown
voc_roi_image_0_20240717135529.jpg,pressure_gauge_industrial,train,unknown
voc_roi_image_0_20240717135536.jpg,pressure_gauge_industrial,train,unknown
voc_roi_image_0_20240717135537.jpg,pressure_gauge_industrial,train,unknown
voc_roi_image_0_20240717135538.jpg,pressure_gauge_industrial,train,unknown
voc_roi_image_0_20240717135541.jpg,pressure_gauge_industrial,train,unknown
voc_roi_image_0_20240717135548.jpg,pressure_gauge_industrial,train,unknown
voc_roi_image_0_20240717135551.jpg,pressure_gauge_industrial,train,unknown
voc_roi_image_0_20240717135552.jpg,pressure_gauge_industrial,train,unknown
voc_roi_image_0_20240717135556.jpg,pressure_gauge_industrial,train,unknown
voc_roi_image_0_20240717135600.jpg,pressure_gauge_industrial,train,unknown
voc_roi_image_0_20240717135601.jpg,pressure_gauge_industrial,train,unknown
voc_roi_image_0_20240717135611.jpg,pressure_gauge_industrial,train,unknown
voc_roi_image_0_20240717135615.jpg,pressure_gauge_industrial,train,unknown
voc_roi_image_0_20240717135810.jpg,pressure_gauge_industrial,train,unknown
voc_roi_image_0_20240717135811.jpg,pressure_gauge_industrial,train,unknown
voc_roi_image_0_20240717135822.jpg,pressure_gauge_industrial,train,unknown
voc_roi_image_0_20240717135823.jpg,pressure_gauge_industrial,train,unknown
voc_roi_image_0_20240717135831.jpg,pressure_gauge_industrial,train,unknown
voc_roi_image_0_20240717135834.jpg,pressure_gauge_industrial,train,unknown
voc_roi_image_0_20240717135856.jpg,pressure_gauge_industrial,train,unknown
voc_roi_image_0_20240717135859.jpg,pressure_gauge_industrial,train,unknown
voc_roi_image_0_20240717135900.jpg,pressure_gauge_industrial,train,unknown
voc_roi_image_0_20240717135936.jpg,pressure_gauge_industrial,train,unknown
voc_roi_image_0_20240717135937.jpg,pressure_gauge_industrial,train,unknown
voc_roi_image_0_20240717135939.jpg,pressure_gauge_industrial,train,unknown
voc_roi_image_0_20240717135940.jpg,pressure_gauge_industrial,train,unknown
voc_roi_image_0_20240717140028.jpg,pressure_gauge_industrial,train,unknown
voc_roi_image_0_20240717140029.jpg,pressure_gauge_industrial,train,unknown
voc_roi_image_0_20240717140047.jpg,pressure_gauge_industrial,train,unknown
voc_roi_image_0_20240717140048.jpg,pressure_gauge_industrial,train,unknown
voc_roi_image_0_20240717140055.jpg,pressure_gauge_industrial,train,unknown
voc_roi_image_0_20240717140118.jpg,pressure_gauge_industrial,train,unknown
voc_roi_image_0_20240717140128.jpg,pressure_gauge_industrial,train,unknown
voc_roi_image_0_20240717140132.jpg,pressure_gauge_industrial,train,unknown
voc_roi_image_0_20240717140146.jpg,pressure_gauge_industrial,train,unknown
voc_roi_image_0_20240717140147.jpg,pressure_gauge_industrial,train,unknown
voc_roi_image_0_20240717140153.jpg,pressure_gauge_industrial,train,unknown
voc_roi_image_0_20240717140155.jpg,pressure_gauge_industrial,train,unknown
voc_roi_image_0_20240717140159.jpg,pressure_gauge_industrial,train,unknown
voc_roi_image_0_20240717140257.jpg,pressure_gauge_industrial,train,unknown
voc_roi_image_0_20240717140301.jpg,pressure_gauge_industrial,train,unknown
voc_roi_image_0_20240717140302.jpg,pressure_gauge_industrial,train,unknown
voc_roi_image_0_20240717140309.jpg,pressure_gauge_lab,train,unknown
voc_roi_image_0_20240717140310.jpg,pressure_gauge_industrial,train,unknown
voc_roi_image_0_20240717140312.jpg,pressure_gauge_industrial,train,unknown
voc_roi_image_0_20240717140313.jpg,pressure_gauge_industrial,train,unknown
voc_roi_image_0_20240717140319.jpg,pressure_gauge_industrial,train,unknown
voc_roi_image_0_20240717140320.jpg,pressure_gauge_handheld,test,unknown
voc_roi_image_0_20240717140324.jpg,pressure_gauge_industrial,train,unknown
voc_roi_image_0_20240717140325.jpg,pressure_gauge_industrial,train,unknown
voc_roi_image_0_20240717140336.jpg,pressure_gauge_industrial,train,unknown
voc_roi_image_0_20240717140343.jpg,pressure_gauge_industrial,train,unknown
voc_roi_image_0_20240717140344.jpg,pressure_gauge_industrial,train,unknown
voc_roi_image_0_20240717140345.jpg,pressure_gauge_industrial,train,unknown
voc_roi_image_0_20240717140346.jpg,pressure_gauge_industrial,train,unknown
voc_roi_image_0_20240717140353.jpg,pressure_gauge_industrial,train,unknown
voc_roi_image_0_20240717140354.jpg,pressure_gauge_industrial,train,unknown
voc_roi_image_0_20240717140358.jpg,pressure_gauge_industrial,train,unknown
voc_roi_image_0_20240717140401.jpg,pressure_gauge_industrial,train,unknown
voc_roi_image_0_20240717140402.jpg,pressure_gauge_industrial,train,unknown
voc_roi_image_0_20240717140405.jpg,pressure_gauge_industrial,train,unknown
voc_roi_image_0_20240717140411.jpg,pressure_gauge_industrial,train,unknown
voc_roi_image_0_20240717140423.jpg,pressure_gauge_industrial,train,unknown
voc_roi_image_0_20240717140424.jpg,pressure_gauge_industrial,train,unknown
voc_roi_image_0_20240717140430.jpg,pressure_gauge_industrial,train,unknown
voc_roi_image_0_20240717140431.jpg,pressure_gauge_industrial,train,unknown
voltmeter_102.png,voltmeter_all,train,MeasureBench
voltmeter_103.png,voltmeter_all,test,MeasureBench
voltmeter_13.png,voltmeter_all,train,MeasureBench
voltmeter_35.png,voltmeter_all,train,MeasureBench
voltmeter_57.png,voltmeter_all,test,MeasureBench
voltmeter_66.png,voltmeter_all,train,MeasureBench
voltmeter_78.png,voltmeter_all,train,MeasureBench
voltmeter_95.png,voltmeter_all,train,MeasureBench
